user_id,event_datetime,product_id,sales_value,vat_rate
bdb45e36-38ee-4b57-8907-e85c714cd351,3.6.2020,9,663.97,
358e7223-c5ee-4e50-8323-74b0b61bb3df,3.6.2020,0,897.49,0.2
29f08ecf-df00-44f2-812f-daf075f0d2a7,3.6.2020,9,284.74,0.05
979e874f-46eb-44fc-a2c2-a6e45c62a4fc,3.6.2020,7,592.87,0.05
40244c31-a3b5-4db0-b171-c756fca6320d,3.6.2020,4,727.09,0.1
459dd180-5b32-470a-a9c8-024a36df179c,3.6.2020,4,538.67,
deb43b37-72f2-4aea-add9-5c6ce6a66b99,3.6.2020,7,597.99,0.2
dc21879d-268c-4d40-93be-9ccfbb3383be,3.6.2020,6,779.21,0.1
93340c69-cf7b-486f-a722-66c39e97ec8e,3.6.2020,0,455.02,0.2
044c94bc-7794-45fe-91af-1283b0ba569d,3.6.2020,7,608.77,0.1
08903117-8638-45cb-a945-6000023ddc56,3.6.2020,0,903.63,0.1
72999bbc-4388-4505-a16b-5204f695ca0a,3.6.2020,3,973.30,0.05
034154e3-686b-49d8-af70-157ea90db10e,3.6.2020,5,831.35,
f1e2e5f3-5b57-412e-85d3-423b09df128a,3.6.2020,1,310.35,0.2
82e572ad-af48-4b74-9a0b-83ee938ba934,3.6.2020,6,493.63,0.05
1d3c1f19-6ff2-4ce8-b996-862b8bf331d7,3.6.2020,6,791.86,0.1
9ef851c4-d538-4208-a295-3ba37e793196,3.6.2020,1,531.19,
c43268b6-5cf1-409b-a745-433ce8fc5ca2,3.6.2020,1,593.11,0.1
295af0b2-9ee3-4b00-876a-5331fe17db7a,3.6.2020,8,362.59,0.1
c911cf15-ef55-45f5-a0bf-6dc96793bfa1,3.6.2020,1,871.19,0.05
c0b8361d-f38e-45e0-91fa-9505e464b438,3.6.2020,4,287.37,0.1
b36c41d3-4684-4cce-9b1f-c4ebcc7839ea,3.6.2020,7,556.67,0.2
e1308687-46d1-43f3-a51b-960ba6a9f422,3.6.2020,5,386.96,0.05
367efc6c-e9f9-4b0a-9cee-ce36e0a8bf28,3.6.2020,0,151.64,0.1
5dd3a51c-a499-4930-96db-ff658b234120,3.6.2020,1,514.60,0.1
3d4c394e-38ae-4dde-90a1-bf2431023415,3.6.2020,3,471.73,0.05
5836bec6-0b3c-4225-bb6b-aedb5dcbcab2,3.6.2020,6,403.30,0.2
5d0f5322-f98f-4462-8457-da8347dfdb92,3.6.2020,7,449.22,0.05
617f730e-4455-42d6-8955-8201e1049eec,3.6.2020,5,548.29,0.2
6701c7b1-4394-4711-95d7-527b6f142c82,3.6.2020,3,522.38,0.2
b86ffc58-7d51-4cae-8d79-9a95506a6a02,3.6.2020,8,119.51,0.1
78761057-4097-4733-b43a-597f2688ca5c,3.6.2020,0,392.26,0.05
812ea91f-b827-45d1-830e-80df97260865,3.6.2020,4,822.07,0.2
c8766de0-6a1c-4c45-ad52-b0b1a6035d31,3.6.2020,7,640.13,0.1
713a5b04-ed78-49f2-b375-db7e531daa91,3.6.2020,8,394.97,0.05
cc8cccca-309b-498a-ad40-f6c354cd5ab6,3.6.2020,9,267.17,0.1
d34a776a-5169-4e82-a0cc-cd29f31754c5,3.6.2020,5,674.89,
f878bf6b-15c2-452e-906e-9ac362db436e,3.6.2020,3,931.14,0.1
9d014473-dc0f-488d-af57-63f229c1a8ff,3.6.2020,0,682.51,0.1
418bb66a-3fb4-475f-a3a6-e310ac482205,3.6.2020,4,140.56,0.05
731ef9d4-f31c-42ed-a6eb-f8b7404ddeb3,3.6.2020,5,787.54,
9e6c1281-15ce-4a02-afa8-4afcdba2a3f1,3.6.2020,8,574.25,0.2
972315ad-8077-4d81-800b-fb4e4f534228,3.6.2020,2,955.91,
eb968288-3af5-422b-80f1-017642fe5379,3.6.2020,8,506.69,0.2
016dc336-b458-4636-ad87-8b31eeccb395,3.6.2020,5,554.44,0.2
8f34c92b-8631-43b7-923c-962be0cd3c4f,3.6.2020,0,219.62,0.1
49145540-14a1-4b8a-ac1e-0699d5b39548,3.6.2020,5,479.87,0.1
4efcadd0-7bcd-47a2-8d5d-11bd9dc7cfcf,3.6.2020,7,430.63,0.1
8b770235-bfc9-40e6-be08-b6db29f0bc50,3.6.2020,3,163.94,0.05
6e799864-a9ff-4533-8339-7c66da4f22b1,3.6.2020,6,756.93,0.2
a4b7f368-f3b4-47e8-ade1-f82878c07150,3.6.2020,9,464.17,0.05
0761f657-4f5d-487b-9dbf-68c08ac8ccfa,3.6.2020,9,494.38,
643359bd-28d3-415a-8182-bb6742fe9c7a,3.6.2020,5,838.51,0.1
09d8181c-ae67-46dc-aee3-1ca22a8a5f0e,3.6.2020,4,631.87,0.05
6305aaeb-6bfd-4ba0-9be2-7286c6cda911,3.6.2020,5,768.88,0.1
9e4093be-42fa-4388-8f90-a6dd44cf3de4,3.6.2020,3,625.55,0.1
92cf610c-a592-4e09-be4b-6e9037c83217,3.6.2020,7,430.99,0.2
3f298629-52b8-4ea8-90a3-769823c12ab7,3.6.2020,5,965.27,0.1
429b2bc4-ebd8-4423-a670-87ff41caed0c,3.6.2020,6,143.67,0.1
1814f187-5a22-456b-867f-97c10b659b1c,3.6.2020,7,685.55,0.1
eebecc03-675c-455b-a9ff-2a71edd66025,3.6.2020,1,248.97,0.2
6037e798-17d4-4aa8-a8ea-603b97545fe9,3.6.2020,6,590.36,0.1
ea26e943-e445-4238-8fb4-c8e6bcc936ae,3.6.2020,0,206.93,0.1
43a2628c-84be-4a1b-8cb1-5749c284d2ea,3.6.2020,4,970.37,
ba2b13f7-c538-4a79-b07d-f3642c8f8d1a,3.6.2020,9,243.32,0.2
44391205-866e-4f1e-b875-7c0d7bf11c26,3.6.2020,4,305.43,0.2
db6d64a0-b23d-4baf-a52e-07443e289c75,3.6.2020,3,877.08,
498cebb7-ef6e-4500-bb82-ca8c96bdfa7f,3.6.2020,9,588.47,0.1
ba1e7776-473a-4783-93e0-c2003f3c8cd4,3.6.2020,8,456.77,0.2
99487f61-3d61-4de3-ba64-f4fb9be762f5,3.6.2020,7,900.74,0.05
eb583892-8537-4e93-8576-7335d3081ed4,3.6.2020,1,909.23,0.1
31d82fad-2ccf-4cee-85fb-9fcd5a8e8fe1,3.6.2020,5,269.53,0.05
d761795d-7ba2-4b4b-be2f-419d768f7eb7,3.6.2020,7,973.38,0.1
358d7da2-b81f-4ce5-9e36-9fb02b84e5fa,3.6.2020,1,826.11,0.2
6eaa109b-39a7-4ecd-b9d0-b0f3e658ea86,3.6.2020,3,343.11,
0b07c919-bfdb-416d-b318-8ece1ea42c6d,3.6.2020,2,131.93,0.2
e2ff7657-bd24-4a1a-ba37-4a77a9c731e0,3.6.2020,3,873.83,0.2
ff5ba977-99be-4595-8841-ee3729de60b4,3.6.2020,0,425.83,0.1
15652235-5b7b-46ac-b80f-a4933f12d0e7,3.6.2020,7,575.57,0.1
5ceaf494-7d77-4d8f-b646-1a1568057f3d,3.6.2020,9,673.39,0.1
0e13cb99-67c9-43cd-ba3c-c6910d8b97cd,3.6.2020,5,843.33,0.1
39c03a1f-898a-4d2d-9bfe-07ef1cc464a4,3.6.2020,5,601.37,0.2
15b241e5-24c6-442d-a82f-fe012fbcb146,3.6.2020,2,486.06,0.05
5077c874-e1e6-4a8a-90c0-2bfb42788b1c,3.6.2020,4,594.32,0.2
c5f6000a-e8d6-4528-97f2-73aa52aae5b0,3.6.2020,8,816.91,
2069055b-c0bf-4f3a-befe-c531c264310f,3.6.2020,2,497.07,0.2
b0fdd73e-973f-4b0d-95ee-9d487f3bca4a,3.6.2020,6,197.29,0.05
0ff57a70-3a30-4a75-b444-2b8b735bd8f8,3.6.2020,3,415.48,0.05
de04361f-20a1-4c65-b255-e8fefc48d0f3,3.6.2020,7,906.64,0.1
e86c989a-6aee-4c86-88b6-a13513ace4f2,3.6.2020,5,618.85,0.2
a1ac72f4-c9e6-4b54-a318-03521f979e7f,3.6.2020,2,141.65,0.1
8462bea5-cae3-482f-a7c4-1369414a9d25,3.6.2020,3,978.82,0.1
46fe5905-fd76-4006-b184-5fe16345e891,3.6.2020,4,466.07,0.2
9f7531b0-dedb-4a60-b4ef-f7a7b288d625,3.6.2020,2,185.35,
4436894e-bcdf-4cd3-91b7-d841fa332adf,3.6.2020,0,221.18,0.2
a2fb5d51-23cd-4438-a05a-343012ff3939,3.6.2020,5,174.63,0.2
9c4a86eb-8ae9-42c0-90fe-329ae00608ab,3.6.2020,0,736.97,0.2
7b3c51e7-107a-4892-b70e-5b1a25407f83,3.6.2020,4,625.16,0.05
f3920905-1944-449f-95fa-e9bd9f717186,3.6.2020,7,640.76,0.1
009d49b8-1d07-413f-a439-50d69d3faa86,3.6.2020,5,997.37,0.1
07ff0dbd-f3ee-416c-891f-d545b95e01eb,3.6.2020,1,376.29,0.1
cfb67398-37cb-4166-a3ac-c9dca8cb6c16,3.6.2020,6,188.28,0.05
c0c68ea6-c450-4a5f-9fdd-87df5c9710ff,3.6.2020,0,242.64,0.2
d39fc5e6-d7f2-48c9-8272-e8616c6dd280,3.6.2020,6,128.67,0.2
68e5543b-65c8-477c-a2dc-f961896348b1,3.6.2020,5,101.51,0.05
921b4a7d-b2aa-406d-8e7a-66484af76741,3.6.2020,0,398.43,0.1
272a7054-19fa-40b1-ae17-1ce627494089,3.6.2020,3,358.48,0.2
a37c1afc-9d06-411b-88ea-4330ca029613,3.6.2020,3,481.57,0.2
19fa8246-7279-4d86-bbf8-0c1ee35c08db,3.6.2020,7,541.90,0.1
b23a3fee-9c88-4ac7-afa0-d20b10ddca48,3.6.2020,3,258.97,0.1
c689d14b-6e8c-4cd4-9dfe-344f4a760d74,3.6.2020,4,419.20,0.1
5833a064-482a-4abf-be80-a9a7cc494e84,3.6.2020,3,839.36,0.05
ef99a2ac-10e4-4d45-8eb7-a1e398c2776e,3.6.2020,3,225.68,0.1
4a812fd5-1e99-4434-8ddc-8570a9ae9c9e,3.6.2020,3,943.36,0.05
0f7d1d05-3842-4f42-95bb-6157a221ee39,3.6.2020,2,769.40,0.2
f037bbef-9529-4573-9c1c-e7f8128fbd27,3.6.2020,9,397.88,0.05
a7fe2f8c-0370-46b6-8ff0-94ab75721187,3.6.2020,1,499.48,0.1
e3e6a0b1-0b92-4d10-8f78-7dad763f253c,3.6.2020,9,662.50,0.2
89af9103-ad09-4e8e-a3b7-fb559b0e2a61,3.6.2020,8,263.35,0.2
5ae3fac3-2db9-4163-a095-976621e6bdcd,3.6.2020,7,626.22,0.1
0e14d16d-b964-411f-afa7-7559113f1128,3.6.2020,6,220.24,0.1
5d2da7ab-915e-43a2-964a-0873781c5526,3.6.2020,6,598.38,0.2
3fd6ee59-98e3-46ec-bf4e-9502bf604139,3.6.2020,7,760.88,0.05
c6933292-0c0d-405c-9417-4050ba04132b,3.6.2020,0,789.93,
7302eea5-b51f-4e76-9fcc-e61fa767dd87,3.6.2020,2,892.77,0.2
9eba4033-238a-4dfe-980a-586bd475f911,3.6.2020,2,590.57,
525bb770-59c6-4658-8079-d45b2e355191,3.6.2020,7,709.54,0.05
36c96fbf-6125-485c-a6f2-43d8504e27a0,3.6.2020,3,106.92,0.1
d2cdb386-f0a8-453b-b0fb-0a34711a946e,3.6.2020,4,411.52,0.2
e49b4381-34d2-4ce9-9fa7-22572cc66961,3.6.2020,1,799.14,0.1
ee995b7c-8951-4973-b2ed-85458e9cf454,3.6.2020,3,102.51,0.05
efc8cf0f-62f2-4c94-8802-8f45406860dc,3.6.2020,5,689.07,0.1
20975a8c-951b-4200-82a1-ed3192831f23,3.6.2020,5,796.64,0.1
57d088a3-1dad-4369-b121-468090a3617b,3.6.2020,9,245.91,0.2
25587d25-110c-4402-bad3-2df78f10d1ad,3.6.2020,0,210.60,0.2
4876aeb2-2e98-47ed-8142-cad7e2233f25,3.6.2020,3,196.73,0.1
f25ad1c5-4089-4887-a507-a2fb989ce914,3.6.2020,8,440.74,0.1
8fd7c842-51bf-4737-ac61-30e31a706fcf,3.6.2020,4,965.51,0.05
e2c08d6a-9616-4a00-affb-a65bc27dceb0,3.6.2020,1,443.32,0.05
bd958118-0a4e-4d87-96d0-d89eaed9b3e8,3.6.2020,2,509.52,0.1
2e4db6eb-d1df-481d-ab96-f1f2dc944d01,3.6.2020,2,507.03,0.1
462cd02c-2a1a-4d13-a25f-8023dc6a6cc1,3.6.2020,9,905.14,0.05
d5443cb8-1139-474b-8ee3-07c521722688,3.6.2020,3,837.36,0.2
9358e516-5fa3-475b-85fc-00631431c451,3.6.2020,2,843.94,0.2
5d74fe64-9101-4beb-b518-63ce0f96c77b,3.6.2020,7,958.10,0.1
1f568a12-be0b-454a-96d4-4699f99af900,3.6.2020,5,710.52,0.2
68ba694b-a711-4257-ae7e-b7d80237396e,3.6.2020,9,460.66,
c157b783-9e1c-410f-b2ea-976290168355,3.6.2020,6,261.06,0.05
c9934c2e-2d4f-4683-a1e5-94ef6374737f,3.6.2020,6,855.50,0.1
5a743e49-2b21-45bf-b556-0c7988dd1687,3.6.2020,6,988.85,0.1
fe918e09-9cf4-4f2d-8491-433d24d33555,3.6.2020,9,238.12,0.2
a93fd835-f336-41ce-97d5-d4222fd66fc5,3.6.2020,3,759.07,
e1bd5f6b-1eca-44c7-a9d4-c1ea2c71cde4,3.6.2020,1,762.22,0.1
da8a8c8d-9d34-4f15-9692-10cf1aad84ee,3.6.2020,7,455.62,0.2
c31b615d-837c-46c9-826a-4736f5ba2c50,3.6.2020,1,351.66,0.05
8c317700-ed88-4212-9a98-8dcc3d0d38f5,3.6.2020,1,302.09,0.05
6c8ee145-29f3-4f2b-9502-415eb4f5bda6,3.6.2020,2,203.89,0.1
bdc53b37-f40e-4a60-9477-70ffe958e84f,3.6.2020,9,738.20,0.1
94f5df21-a89b-4a2d-925c-d77664505c24,3.6.2020,3,336.98,0.05
e687e3b3-02a9-4dbc-9e03-feda37324b07,3.6.2020,2,432.75,0.1
a678abf9-0016-409e-a7e0-66630e5aa4a0,3.6.2020,4,828.85,0.1
e78091f0-6b4f-4279-ae06-28ad647098f4,3.6.2020,4,143.07,
cd627f96-a895-4268-ab06-b6e9430005ab,3.6.2020,3,668.87,0.2
49b661b3-5440-4835-8aa1-5dfa25450a46,3.6.2020,3,114.73,0.1
c7517457-a9f1-4339-ae58-21662f28d51b,3.6.2020,7,996.51,0.2
3b665eb5-4cb6-4de8-9505-c144e55e5f6e,3.6.2020,9,511.44,0.1
bd2aa076-836b-45cd-a30e-75ff5c483ba6,3.6.2020,0,455.49,0.05
0b129f50-9146-4d3c-9b6c-606a6134590e,3.6.2020,4,138.32,0.1
659e9502-699f-472f-a6db-9f415c5c8008,3.6.2020,6,520.11,0.1
10eaaf82-2bc8-4e38-ad04-3a5313187050,3.6.2020,1,590.80,0.1
c63b7ae2-0cc2-4aec-bf78-9c6cdf5ad7f3,3.6.2020,7,344.42,0.2
0014f7b3-454c-4af4-b0a4-b8d99036a9dd,3.6.2020,5,766.04,0.2
0dc02b6b-041e-46a5-9846-fac6c08e81f7,3.6.2020,9,420.25,0.1
0edb623d-2749-4e79-a8f3-452d537e3f09,3.6.2020,7,386.36,0.05
34d1643b-ab85-4795-88da-783b6912375b,3.6.2020,7,238.30,0.1
cd5767ae-60cc-4423-9cf5-aa6a3827905c,3.6.2020,3,403.84,0.05
a6dbe32c-cd2e-4d6b-b141-b97b876d7b43,3.6.2020,9,672.05,0.1
3e1137ad-e232-4feb-b98e-18c70da60dd8,3.6.2020,9,936.69,0.1
c1da6f0f-82d7-45a6-8dd5-7f95016fcc3c,3.6.2020,0,365.47,0.2
023d1669-2a0b-4d02-bbe7-ea77d0943935,3.6.2020,0,263.85,0.05
0805329f-bd0f-405f-8e1a-8839a5b102f3,3.6.2020,1,411.75,0.2
7235a668-21e9-484c-bfd2-8a99a6f6279d,3.6.2020,4,134.54,0.1
c2c585cf-d399-480e-9401-4db619c08b64,3.6.2020,5,787.89,
d07676b5-7b6b-4cbb-9a43-16299f5feea9,3.6.2020,9,888.82,0.2
3846ebf4-e6f3-4257-bee1-d228865516d3,3.6.2020,0,711.44,0.1
58d64adc-b6bb-4e59-aa14-0dec5d74dc08,3.6.2020,5,766.62,0.2
bc304a1c-77f6-481c-9b66-36787f96368d,3.6.2020,4,970.94,0.05
d6c880a7-b8da-42f3-ae76-6841bd77c83f,3.6.2020,6,748.24,0.1
81c5628c-91ef-41cf-8e57-bf6648f5d3ea,3.6.2020,8,141.54,
49b834e6-2734-40eb-b8a8-7822f298e1b8,3.6.2020,3,887.11,0.2
517b85e7-d1e5-4fc1-a434-cba39da7272c,3.6.2020,2,626.24,0.05
7d70047b-29fd-4ef8-b906-466259f03407,3.6.2020,0,634.54,
a518f87c-333b-4f6b-80bf-ba55a8b84fdd,3.6.2020,6,123.31,0.2
204643ef-34f2-4644-be5b-eb87f0ebf6a5,3.6.2020,6,101.79,0.2
88915ebf-59e9-4889-859d-de61ace22adf,3.6.2020,2,552.99,0.05
1c3c2931-1109-42c6-a028-8377d57ea02d,3.6.2020,0,650.07,0.2
7dbfc3b8-50a7-4880-a204-9a26953692de,3.6.2020,1,612.40,0.1
4a000764-671d-41a4-9163-626889c858e8,3.6.2020,0,923.73,0.05
418a15d0-59bc-4e5d-adf5-fdf92072a8bb,3.6.2020,4,272.40,0.1
0758f7b0-6d63-4b68-b1d1-b5d26414ecdb,3.6.2020,8,102.42,
542d70c7-52f8-4fd8-8468-9ef9887131de,3.6.2020,2,907.97,0.2
61535c56-e370-480f-88e2-3d8109a065fa,3.6.2020,7,457.33,0.2
9c2bb18e-06a6-4388-a390-c0dc175db202,3.6.2020,7,219.89,0.05
33daa350-6f64-4979-aae8-694fc14b3065,3.6.2020,4,382.08,0.2
5960a7e2-d0c4-49ec-8c9e-650fe37029a5,3.6.2020,3,759.33,0.1
e71bfbf8-9309-4b61-a2a8-7e9eee3f26ba,3.6.2020,5,237.49,
eb9f548f-fb5d-4a2b-96cf-006462b2a8db,3.6.2020,0,285.81,0.1
da330fa9-dd30-4e3a-8dd7-a11ff124e0af,3.6.2020,6,131.42,0.1
8d52149a-f51b-418f-aa09-e3477a92f57f,3.6.2020,6,591.02,0.05
7160551b-0ea6-4cb0-a8f6-ceabdcd4b870,3.6.2020,6,735.30,0.05
c41a0c8b-5a87-42cb-b624-30d9ae8175a2,3.6.2020,2,348.90,0.2
97995267-65c6-421c-bf68-53248a1a4bc8,3.6.2020,6,616.26,0.2
16330ad9-a45b-490e-9b1f-c884e890f5db,3.6.2020,2,792.12,
4de2237e-bec8-4378-8bab-8bd9e92d22da,3.6.2020,0,349.51,0.2
30fea327-4a94-460e-8dca-dd3d63a44e1d,3.6.2020,1,350.18,0.05
7398c503-3466-462e-8f08-f0733339e2c7,3.6.2020,4,928.33,0.05
bdc9b67f-bf37-47b9-b188-4763c39a8a73,3.6.2020,0,682.26,0.1
7d109473-368d-4b05-a193-09a42c4d5d17,3.6.2020,6,416.90,0.2
831cc352-1d56-4578-a3d2-a28afb907431,3.6.2020,4,412.39,
a4a44caf-2833-4fe2-b658-6615844eeb3f,3.6.2020,7,796.19,0.05
167b5381-6034-487f-ae96-a6ebf6c7d488,3.6.2020,3,833.66,0.2
d10a5c37-73fc-4576-9199-66e8b039e335,3.6.2020,1,763.07,0.2
c9097abd-1835-4761-ab54-51b72858a166,3.6.2020,3,355.79,0.2
7ad969f0-466d-474b-8c32-231d49c3cf12,3.6.2020,4,515.68,0.1
56d8bdd2-9bc8-4329-aba9-974a2f216d92,3.6.2020,0,650.76,0.2
323a6e2b-7f2e-4117-abdf-9530398101d0,3.6.2020,6,893.91,0.1
3759915b-f0fa-4040-9bab-e41a106aaf55,3.6.2020,1,826.01,0.1
82ad1511-c34a-4c16-9811-6a9dc44ea108,3.6.2020,1,987.82,0.1
603f4963-884d-4ec1-9042-c09381341b0e,3.6.2020,2,276.39,0.2
4010a897-64b1-4893-b630-0629a76a2b44,3.6.2020,9,970.93,0.05
15ec989e-b24d-49ab-ae27-215b97b4aa95,3.6.2020,1,101.23,0.05
9382c71e-ed0c-4926-808b-7ad41db86f5e,3.6.2020,4,491.09,0.05
5910285f-8245-4c5f-b0d5-becb1069d388,3.6.2020,7,416.98,0.05
09332085-ddb4-42f3-bc8d-2b8de4819a5c,3.6.2020,4,449.99,0.05
f944333d-730a-425c-8bdd-2cae1cfe7933,3.6.2020,8,928.36,0.2
f6ce6f4a-ef51-4eb1-8308-e55f353bf33c,3.6.2020,3,303.04,
612294e8-122d-464f-9875-3a084914dd5b,3.6.2020,1,811.29,0.2
9e6e6686-d016-4770-b7c7-35ee11447963,3.6.2020,6,336.73,
b9e697cd-28a8-4cb7-a1fa-e27b2d02fd80,3.6.2020,6,698.41,0.05
404b2912-fb62-471a-b7aa-ca27dbd420fd,3.6.2020,1,115.05,0.2
7d3faca3-c80d-472a-b67b-4ec3a2e4828b,3.6.2020,3,949.22,0.05
486f9ccf-4377-47df-8894-58457ee5bb9a,3.6.2020,7,236.16,0.05
73c38d45-6c9d-4045-beea-3ed10e82ca33,3.6.2020,4,173.21,0.2
38c95858-76ac-4151-aff2-4a6e19c4bf3c,3.6.2020,0,658.52,0.05
14ca878a-058a-4c16-b71e-2486c8acb58a,3.6.2020,5,940.54,0.1
3c556c1c-bcb7-4f86-8e1d-b12d008c109e,3.6.2020,7,240.32,
f9c0e427-fdc3-4901-849c-11ea5be97137,3.6.2020,5,518.81,
d6257a36-e7b9-4088-a60f-4afcad9cf249,3.6.2020,6,796.12,0.05
cba5d249-a49f-432d-ac54-2b0e457a7acf,3.6.2020,7,894.25,0.05
083c41ba-f563-4b6f-b492-322d00699e2c,3.6.2020,4,536.61,0.2
5871d8aa-0764-4627-9f41-04a67762f055,3.6.2020,1,732.76,0.05
5bbacf17-be3e-46c4-bb7e-e88792735561,3.6.2020,3,601.77,0.2
bd8453de-a2c9-48f6-9fc7-8c1c0db3219d,3.6.2020,6,694.31,0.05
d3892ea8-d82d-4aea-a6ea-45a42a410732,3.6.2020,7,745.69,0.2
22d51936-8330-4c59-97d9-61b81c505c0a,3.6.2020,1,952.12,
0dffc85d-eefc-4f30-b246-3284a2225c23,3.6.2020,5,664.97,0.05
bf33e5d3-f0a0-4d53-bf87-793ecee9dcb8,3.6.2020,4,404.83,0.2
db0b2297-85d4-4f4b-8b91-c48afef0b29e,3.6.2020,7,358.76,0.2
4d73cbff-28eb-4961-8158-b283583d77d6,3.6.2020,6,450.95,0.1
3c0663aa-c367-474c-969e-638cbd4cd889,3.6.2020,4,802.27,0.05
332757fd-5834-4b69-9ee0-dfb8089360a3,3.6.2020,5,498.22,0.2
ec1627e4-be2e-4095-b5dc-75a7dd887828,3.6.2020,5,674.97,0.05
8a7e8c81-c98a-4ce3-981d-ab303e3df1e4,3.6.2020,6,228.56,0.05
2a990812-db8f-4508-9632-f4ab4db45208,3.6.2020,6,233.61,0.05
00d8f7de-f7a0-4ddd-9f83-b3ae349c3c50,3.6.2020,6,267.12,
c4da3611-12de-4d18-8e9b-2e8cb4bb38e5,3.6.2020,0,196.04,0.1
dce1e70d-79ee-4295-91eb-2de42635f279,3.6.2020,0,890.15,0.1
5b4f32b5-7d68-4c2f-aae3-c544a050a8b6,3.6.2020,7,787.71,0.1
5d56ec7d-d87f-4691-a9f0-3354cd3e7a1a,3.6.2020,8,204.56,0.2
a84fe3d2-59f6-4d42-9725-1114ed7bf9f8,3.6.2020,6,139.88,0.2
4a821ebf-29a6-4fea-8af0-e5c222b363ac,3.6.2020,9,874.43,0.05
4af85cbe-393d-478b-8f35-4f244ea82608,3.6.2020,4,441.95,0.2
a248aba9-e22b-40e7-9e22-912e81dfea01,3.6.2020,1,267.19,0.1
3e5ea872-202c-4bd7-9f1b-09ff60823c03,3.6.2020,3,848.02,0.1
fe00db36-dbfc-402b-9920-ac880664df69,3.6.2020,1,152.21,0.05
719e509f-f003-4d41-9080-99d257d959c2,3.6.2020,5,320.64,0.2
80e39f42-6c51-44c9-a2c4-7686fcdf4f23,3.6.2020,1,466.69,0.2
54267b62-c3d7-4e9d-9b8b-98c8713d6943,3.6.2020,8,210.37,0.2
7f406e5a-fd9c-44a7-97b1-3cb9a40f460f,3.6.2020,5,649.93,0.2
4ae5b8ae-6607-4068-96c0-a90de27d53c0,3.6.2020,1,464.01,
860e850b-0662-482f-ae2d-1979e6d261c0,3.6.2020,1,468.55,0.2
ce5880b3-08fa-4690-8573-776fbc83207a,3.6.2020,5,303.66,0.1
664fd26e-9998-4df4-9d37-a991d0b62275,3.6.2020,9,179.04,0.05
ca1fc7f5-135e-44eb-a77d-3dc42220a220,3.6.2020,8,635.00,0.05
9708f92a-e24e-43a2-9190-68de23f6dd6e,3.6.2020,9,164.51,0.1
9603967d-d1df-48e9-b2b1-e97e39e0358c,3.6.2020,3,225.35,0.2
59cf2068-8dbd-4de8-8a82-8a512359c77e,3.6.2020,4,623.44,0.1
4f846bd8-0d2a-4f8a-b0aa-5db82e2810e9,3.6.2020,0,491.08,0.05
f77411eb-5206-425b-8865-4c6f7b8da4ea,3.6.2020,3,530.76,0.2
3218f996-053c-4e54-a945-d0e628bad8ae,3.6.2020,8,902.88,0.05
c506b2c2-f213-4846-a897-9326094971b4,3.6.2020,0,467.47,0.1
fbfbe30f-f6c6-43fd-beb3-dc2e38596f55,3.6.2020,3,301.59,0.1
9ff54dd2-7f02-4305-a236-7466d4024a1f,3.6.2020,0,420.12,0.2
ae03b700-b61b-4e81-a132-e8f4e59ab1ae,3.6.2020,0,550.00,0.2
615780f3-233b-4385-ba51-305e65bc0cd7,3.6.2020,0,737.56,0.05
b6982195-9a60-4aee-beae-aa52ad381c5f,3.6.2020,0,639.57,0.2
056df38a-431e-42fe-95cd-807a354c7b8f,3.6.2020,5,936.27,0.2
36883aab-0dc7-4fc9-8c5c-00445167b214,3.6.2020,0,354.87,0.05
aa3df9fa-d271-44ce-84d9-0239a47b856a,3.6.2020,3,698.60,0.05
50fc3582-2435-49c6-a085-0d7028be0ba3,3.6.2020,8,459.27,0.1
b874f767-72b4-4495-838d-5d0167d95c46,3.6.2020,5,932.91,0.05
98cb7589-8c5c-4930-b6df-9da86beb43e5,3.6.2020,9,786.17,0.2
9c82b69f-d84c-4da1-a8e5-3c29f26ef5f5,3.6.2020,3,460.97,0.1
af2c9f08-1072-4c26-b5ff-c519e2043ef1,3.6.2020,0,635.19,0.05
24f648a8-b3ab-42bf-9766-0cb5b39f196f,3.6.2020,0,277.49,0.1
26cf894f-ceb5-49fc-a878-5615e9bdef17,3.6.2020,5,861.12,0.2
8882c32f-4453-419b-9ed3-8436bfc669fb,3.6.2020,0,286.25,0.1
2310fd9e-f568-48f5-83ab-c56feb9133e6,3.6.2020,6,231.04,0.2
d30f48b9-3076-46e9-b807-6011350dcf18,3.6.2020,1,224.84,0.1
ed777154-7c06-4380-897c-c9b3ce7ce0d4,3.6.2020,2,410.16,
7078d096-d905-445d-82ed-0b7b7ead8556,3.6.2020,1,235.00,
4aaf4580-c791-43e3-aac0-5dabfd1c63cb,3.6.2020,4,938.37,0.2
8eb2a2d8-869a-4f3a-b4ba-0e7f36a72e51,3.6.2020,7,447.87,0.2
145529cb-2d8d-4851-bc9c-4aae2f582000,3.6.2020,9,360.82,0.05
38e50360-f252-402c-a9b2-501e658d9a82,3.6.2020,7,663.56,0.2
015d5deb-c7a9-4723-b278-e91172759213,3.6.2020,7,889.14,0.1
6528fe18-1051-4532-9254-8b7d12935b7f,3.6.2020,2,260.49,0.1
6237a80c-db09-45be-a7be-85d81ab37d23,3.6.2020,4,732.97,0.1
6091153c-f650-4e93-9916-f96120f03a61,3.6.2020,4,900.92,0.1
de60cada-102e-4249-90c2-afbd7e1e3b2f,3.6.2020,6,901.06,0.2
d9c2ed07-35f4-41fd-a764-adc324bbd55a,3.6.2020,6,880.08,0.2
0c1e46cd-2551-4ad9-b42b-988923ffd3d7,3.6.2020,1,208.66,0.2
62afa891-f660-45ef-9636-aa670bdd4f67,3.6.2020,6,364.60,0.05
be226891-1beb-494d-af4b-28ba76d1519c,3.6.2020,7,160.08,
d8f31236-0788-4270-9f99-f457ecc15e70,3.6.2020,6,212.13,
bdd307fc-d9bb-4a14-ba0b-f608bb2df3cb,3.6.2020,0,680.41,0.05
39ff04ae-83b2-4e63-84de-5063831b1b02,3.6.2020,4,735.58,0.1
11dbf12e-42fa-4b89-ac4a-233cdd231e21,3.6.2020,5,943.20,0.2
c07c8e18-9952-4aad-8fde-446574dc6752,3.6.2020,8,597.71,0.2
57d73040-320c-4d8d-bbdb-bb7c9f8bd752,3.6.2020,2,732.51,0.05
839d1a02-207b-4374-859b-c0dd48050f29,3.6.2020,6,921.38,
c6f9468b-3080-4cd3-b540-3881c5d2be2b,3.6.2020,6,177.52,0.05
d84dc458-80eb-4d79-9217-991ab3d78bf9,3.6.2020,6,927.70,0.2
fb9d9aa9-ad51-49c7-9bfc-a0c03fd462c3,3.6.2020,6,696.97,0.1
82fadec9-f7b3-4ab6-9887-8f0402b04395,3.6.2020,6,978.61,0.2
2c8dcd9f-0fed-47f2-a975-ecde09761128,3.6.2020,9,378.57,0.1
9b6f76bf-283b-4b9c-a193-e48dc6416735,3.6.2020,3,561.59,0.1
dfd812fd-a150-4fbd-8063-5985d9bb05cf,3.6.2020,1,931.93,0.2
88f06af2-c82f-4466-8d62-276def61a416,3.6.2020,7,793.32,0.2
539a78bd-df03-4d1d-9ebf-8c336eb28d16,3.6.2020,6,597.99,0.05
7ea5b1a9-b7cc-4118-be71-f80774965036,3.6.2020,9,912.80,0.2
01043870-1efa-4c6f-80f4-4f868cee3a0d,3.6.2020,8,102.76,0.1
4bcca2d9-a13a-4f27-8ecc-65178bc1ffea,3.6.2020,3,890.31,0.05
4a5bef3c-60a8-42a7-abc8-32df56afcb62,3.6.2020,8,419.36,0.1
63b0d047-dc50-4bf5-a65c-e91b347e8ab4,3.6.2020,0,508.50,0.05
8b3fa9c8-241f-43c0-b99a-16e79a8e6ded,3.6.2020,2,129.15,0.05
b945f440-467a-4f4f-a0f9-39e1029dbe4d,3.6.2020,1,402.55,0.1
3ab046c4-8a70-4084-a383-27f4c266cb6b,3.6.2020,9,385.32,0.1
0866541f-e75c-4c41-95d4-6bc4de87ff96,3.6.2020,1,238.60,0.05
0af6b5cb-d90b-4df9-9420-734743dd8c40,3.6.2020,9,245.62,0.05
1ebf254a-8481-43fe-b593-d5655864d7b7,3.6.2020,1,629.77,0.05
df9dd95b-8048-4d13-9ce9-c0dbcf14879c,3.6.2020,6,702.52,0.1
3d665afd-e8c6-4e9c-8e50-62ffa60a6d40,3.6.2020,6,996.88,0.2
6339ea50-491a-4f0c-8738-5a5a2b464951,3.6.2020,3,512.06,0.05
a9143feb-eed0-416d-a826-238756f1f776,3.6.2020,6,502.52,0.1
3832c741-d0a4-4ff4-90b7-193e2422808e,3.6.2020,8,807.19,0.1
efc6d4c6-3828-4477-91d6-4892c014e032,3.6.2020,4,146.96,0.1
3a2a190d-4d01-49e3-acd7-bf896ab03bd0,3.6.2020,2,933.04,0.1
8352bfef-a158-4aa2-8d0d-5d761ef71d3d,3.6.2020,4,934.23,0.1
4542f161-b5bd-409c-9561-cc0b4ec561fb,3.6.2020,0,247.47,0.1
af51975c-3e39-4d97-a7c0-3478b5fca154,3.6.2020,6,253.06,
880cef8e-1e55-4fa0-9718-9cc785828179,3.6.2020,0,296.79,0.1
6f85ba5f-05b4-4ba8-979d-7316de23444f,3.6.2020,5,263.17,
447f65da-9870-4527-bf06-e1f7a42a6c7e,3.6.2020,1,192.78,0.1
49f38884-a8bd-4672-b5e2-125dc661ee9b,3.6.2020,0,692.37,0.1
227b9459-8d42-46eb-85ab-4f8ddb29ad8a,3.6.2020,6,105.16,0.05
241d99f0-7f6c-4926-943f-d53051a5cfea,3.6.2020,5,871.98,0.2
a55525de-ba1f-4990-9ab1-64b751b59a38,3.6.2020,6,131.24,
08eed64b-6c92-48a4-b034-503930c47a44,3.6.2020,2,243.38,0.1
66a1413e-23ff-48a6-b332-2c88fb728f35,3.6.2020,3,522.57,0.05
d1025bde-6e14-4651-a0b4-d28d0f8dc5f2,3.6.2020,4,239.29,0.2
87cdcacb-7596-4552-bcc4-7b730138ea71,3.6.2020,4,796.34,0.1
0a035594-ebf0-45c2-b62e-4c25d58f5242,3.6.2020,2,589.39,0.2
38d6ee7e-7ec6-4979-a9b3-64e917ef189a,3.6.2020,9,865.94,0.1
72a1c3f0-5d98-4022-8007-4a3939b1df95,3.6.2020,5,383.26,0.2
2814c214-1777-4ee9-80df-5b8cb4ac00c1,3.6.2020,3,455.36,0.2
5161b20f-c966-4a8b-bb9c-f526f662c8f6,3.6.2020,1,893.42,0.05
b40fb712-2243-4916-83a2-339a53f6d800,3.6.2020,7,654.66,0.2
fd029309-6021-4922-9e29-27149cd20452,3.6.2020,6,624.54,0.2
73ea5e89-a653-4c25-84e7-1d3ccd157857,3.6.2020,7,373.65,0.05
c1db3c14-d1ff-4ac6-8232-c5de547605d6,3.6.2020,9,125.78,0.05
8808d338-07e7-4cb7-ba0d-3d8ff4b37f15,3.6.2020,0,111.42,
7b4570a0-f902-4717-8500-ffbed0305415,3.6.2020,4,669.66,0.1
f5032110-3ac3-4684-b382-1cb51edef2c5,3.6.2020,8,960.74,0.05
46078cc9-b79a-4738-81c8-7cc8086efdb0,3.6.2020,3,726.41,0.1
6495e8b5-c637-4519-9eec-81751d6ca242,3.6.2020,5,933.46,0.05
a0624713-ea92-4b89-b119-75d8c4678838,3.6.2020,4,682.23,0.05
37440a6b-2a62-4625-92cd-6d1aac11ae2b,3.6.2020,2,331.86,0.1
8ad74d2b-0e67-46ed-8e9a-651a177cea10,3.6.2020,3,326.76,
cfea162c-956c-4125-86c7-15dd6f7ad532,3.6.2020,2,487.00,0.05
29910357-b513-473b-814e-0ba9fdfc8814,3.6.2020,3,365.77,0.05
e007a6c8-3017-412f-8c54-73ebc299312c,3.6.2020,6,932.10,0.2
8878bc38-f3bd-42dc-b406-3629499cb331,3.6.2020,5,268.86,0.1
50b207f9-ce5e-4ee6-a3ea-cb80fbe13c3a,3.6.2020,6,674.05,0.2
22aad567-997f-4c4b-a829-e58d85f62f88,3.6.2020,7,545.31,0.2
68e0c096-96ff-43e1-a8c6-cccf9e11deb3,3.6.2020,9,446.08,0.05
05a6cd76-8c88-48d9-b5e1-7c022bae679f,3.6.2020,5,682.28,0.2
95380e8f-6986-4276-9371-548b8cb180d2,3.6.2020,5,188.28,0.05
d87a4eef-ab60-4ef1-a807-9900aab8b800,3.6.2020,6,116.62,0.1
4423505e-1f30-4500-8a87-0289bfed7ca2,3.6.2020,6,580.35,0.2
608b653b-1aa2-446d-85e5-260921b03ba8,3.6.2020,8,150.57,0.2
a9fd9a7d-5fd0-4725-8dbd-ce5c2d7a2dc0,3.6.2020,1,181.91,0.1
6bfb0f00-3f0c-43e8-9d9f-f7230f7d7d93,3.6.2020,2,173.69,0.2
e5ce027e-8a57-4093-9f95-812f34b4ac3c,3.6.2020,3,523.68,0.05
637fc671-1787-4746-9de9-c43031745970,3.6.2020,3,203.65,0.2
eb7e44a8-b8c3-4e9a-8ec4-f586512a9327,3.6.2020,2,402.50,0.05
3e2dcb35-a3a5-4c11-be5b-252efbfc18d3,3.6.2020,3,268.00,0.2
1f4cbab4-20bf-495a-a34c-f8ad66016fa0,3.6.2020,7,487.67,0.2
806aecf1-5f52-4991-a00b-3cf786cdfb72,3.6.2020,9,271.49,0.05
d6118791-697a-44d4-9ed5-96de04faee30,3.6.2020,0,793.11,0.05
f06629c2-c4f2-434b-b7d9-44770a355885,3.6.2020,4,944.24,0.05
43cd4e6f-7d13-4cbb-8fd1-35060f727ec4,3.6.2020,4,216.58,
4e341577-13dc-4294-bd36-ca77eddc07da,3.6.2020,7,482.34,0.1
794570ec-9f62-4b10-942d-46389e65a9e0,3.6.2020,2,739.96,
c187d929-978a-40f8-8b84-8800f7873bc6,3.6.2020,2,338.13,0.05
a92258e9-c1a1-42fb-b1ff-5c6c58884d0f,3.6.2020,4,989.84,0.05
b6ed0940-4189-447e-b391-38bda4cfa255,3.6.2020,5,921.55,0.2
f84e9dd7-d2e2-4d6d-8d21-9a3fe263d2d8,3.6.2020,0,515.40,0.2
fb60cf34-5d56-42e4-af03-819e7a091b9e,3.6.2020,4,886.75,0.1
60df2e75-4826-4b42-b86a-f73235d087cc,3.6.2020,3,888.19,0.05
f285b15a-bdd1-4135-979d-bc319f4cd76d,3.6.2020,3,311.16,0.1
11646fef-3ad6-419b-a337-c76d28b5a9df,3.6.2020,5,314.96,0.05
3e0dd296-b3e9-4e8c-982e-bdfb14deed01,3.6.2020,7,436.47,0.05
c3fec5d1-ec7e-449b-aecc-d943b9d1fcc7,3.6.2020,0,385.69,0.1
27c3ae0c-8bca-4d26-8581-81de85d5f150,3.6.2020,2,125.41,0.05
76b5c36e-3798-4356-a7e0-31d9004da6cb,3.6.2020,7,914.09,0.1
bf43aa1a-b51c-4109-a8dc-4595bd4328d0,3.6.2020,5,353.12,
e8813465-e914-400f-bacb-791d9b596117,3.6.2020,2,732.90,0.2
829cd8f8-8a0a-4d16-90cb-45deff24d44c,3.6.2020,0,717.26,0.1
7e1db5ed-e317-4f93-ac5b-997c7bf9d3b3,3.6.2020,1,477.49,0.1
1851dc65-813e-4203-ae57-ecb1a42d5d08,3.6.2020,6,520.41,0.05
ce8a8f09-5305-43dd-a96f-a2cb233eb1b9,3.6.2020,3,676.23,0.05
0cad8520-8b61-4c64-bd7a-52f0f4e0c814,3.6.2020,1,776.14,0.05
b3636ef4-f5c1-4a43-90ba-8af009f90a66,3.6.2020,2,257.51,0.05
10e40bdd-e662-4b6d-b29f-d72f7daa9939,3.6.2020,9,402.11,0.05
c59dc6ae-a893-4c71-b2b2-7ec5ca1a1bbc,3.6.2020,2,162.02,0.05
e0431e7d-9702-4922-aa80-b53a0b06aa46,3.6.2020,1,136.73,
864a8c17-72d7-4ed7-a9cd-382582beed33,3.6.2020,7,184.37,0.1
5b338777-eac4-4907-b3fa-dfbe4731537a,3.6.2020,4,266.51,
cefb1c3b-eb64-4b6d-af05-8304bc5eeef7,3.6.2020,0,976.42,0.1
67d08145-1a48-428b-b15f-62239099bfcb,3.6.2020,0,196.77,0.1
04c6e22a-5723-4473-87d0-718fceea5e90,3.6.2020,5,709.62,0.05
a45c4578-dd98-42b2-8fc9-5ebf768dc709,3.6.2020,4,477.68,0.05
48f1f334-d0d4-4338-8164-feafaa41457f,3.6.2020,8,652.35,0.05
3246ffe0-6585-415b-9564-0ef9b10902fe,3.6.2020,2,172.88,
90c2af4c-8d3c-4544-9cd1-e1bb4f595502,3.6.2020,9,441.21,0.1
4b36a303-2d3c-4442-b2e2-59394258ab58,3.6.2020,5,653.19,
99115ac5-710e-4424-aeb6-1e518145b9c2,3.6.2020,5,345.95,0.1
2d516abf-2587-4a45-a025-433fb635239d,3.6.2020,4,401.19,0.1
bd9e41a1-d66c-4225-976c-d78addebdf33,3.6.2020,4,145.61,0.1
b89d37f2-be74-43a2-a64f-cb9a5314e204,3.6.2020,4,850.88,0.2
775179fc-77d4-41a1-945b-23b0b0794c40,3.6.2020,5,354.14,0.1
91118196-0b36-4072-a7e7-2315a434579f,3.6.2020,3,528.87,0.2
de796dae-fb20-48e4-b89a-8f6b0245e538,3.6.2020,6,971.16,0.2
0fa2fe5f-3df1-480b-a9fd-3a623f2a4491,3.6.2020,4,969.70,0.05
0c38244d-2343-4cda-87a9-e226a53caff1,3.6.2020,7,484.28,0.1
b4d9e1a6-f2db-44f2-b6ae-e49e508f20d5,3.6.2020,2,368.29,
e2071691-a579-4076-a3a0-83749f3ed463,3.6.2020,5,781.54,0.2
c8e71cd6-a6f2-4ff8-8a3d-740afba0f0ac,3.6.2020,5,149.70,
b7ac4c21-362a-491b-9aae-c22883cdf85a,3.6.2020,8,980.84,0.2
f8508859-83fb-4b40-b67e-83390fd5db17,3.6.2020,1,542.74,0.05
18f063c3-6cd3-47d3-a419-360937052354,3.6.2020,9,178.73,0.2
7625beae-758f-4441-a1ee-a11a2042c028,3.6.2020,5,702.79,0.1
49494d81-c085-43c9-80fd-e1511a143e10,3.6.2020,4,284.82,0.05
c9845bf9-23d4-42af-b603-b70132ec6ddc,3.6.2020,1,199.68,0.2
2c2d0ffe-bf43-49cd-8378-1bc366009560,3.6.2020,7,865.46,0.05
438dd7d8-7df4-490a-95ef-e07db10eff97,3.6.2020,4,748.28,0.1
1ba0a03e-c873-40ba-8d1b-b558ae35e765,3.6.2020,5,742.86,0.05
6cf485ad-4613-4645-a3d9-b83388ba13e2,3.6.2020,3,176.30,
a4fc45da-3883-4ad5-bba0-dba299442225,3.6.2020,8,760.15,0.2
b3ce5e49-fe01-4709-a20a-1d8b6943bc79,3.6.2020,8,197.63,
b80d7392-41c1-49c7-9138-101125995d9c,3.6.2020,8,323.14,0.1
ba390c9a-ae93-4561-87cc-a93b3ea22340,3.6.2020,7,262.40,0.1
12188ee1-1329-4a55-b03b-4bdcf5766e88,3.6.2020,1,132.62,0.05
f1ef91d3-e254-4b16-bce4-e7cbc4cd20a9,3.6.2020,4,228.59,0.05
63efbe63-c884-4724-8ce4-395c0cfd9488,3.6.2020,0,292.03,0.2
725432d8-a398-465a-9388-1742f3fa3f6c,3.6.2020,2,308.55,0.1
9b5999e1-e6ad-46f7-bc39-e2de5c1a08a2,3.6.2020,2,702.42,0.05
fd8eb9cb-7b90-47ae-85da-3fee889d2dc0,3.6.2020,0,969.05,
8eaf9c9b-b46d-4c92-a833-242636ff9a40,3.6.2020,3,920.81,0.1
b14bb500-2335-4aed-b904-eeca00d0aa38,3.6.2020,3,495.90,0.1
da36ab05-f9a0-44c1-aa4c-a8c172c57359,3.6.2020,5,263.92,0.1
7928ccc5-c2b6-484b-b5e0-c67e4476fb46,3.6.2020,7,983.33,0.1
4ed45fb9-3933-4627-9396-f6b5b7a19f72,3.6.2020,9,970.03,0.05
d35903ac-c3b5-4508-b880-080556acc05c,3.6.2020,4,412.85,0.05
b6ba9b06-3f03-479c-82c8-5209929a8c93,3.6.2020,0,811.44,0.1
3a004718-8f67-40a5-8f1a-6c82799c7e0c,3.6.2020,4,601.17,0.1
23ff70ea-cd75-4e5f-af85-704c0e7dcb78,3.6.2020,1,451.43,0.05
21ae7019-1115-4aa5-8f40-065aaaa4e2c2,3.6.2020,9,650.07,0.05
62045b5a-9246-43d1-bdaa-f066d0f5f5b5,3.6.2020,2,378.11,0.05
9e6d4677-63af-4b01-8a1c-fc784691b77c,3.6.2020,9,278.63,0.1
4164e3ab-f109-46d2-930e-916e4716c106,3.6.2020,2,758.79,
07ba3676-55e0-4bc0-9269-238e38db5f5b,3.6.2020,9,575.44,0.2
f4a6368c-a721-4078-9289-d12c41cea365,3.6.2020,2,822.56,0.1
851b3565-e8d5-43e5-b229-9e002ae47c35,3.6.2020,7,481.96,0.1
6e8e3c71-e683-4309-8828-d42e329d7744,3.6.2020,4,760.46,0.2
a18989da-cfe2-4f61-aee5-8763db734b92,3.6.2020,1,567.07,0.05
745ecf6f-ef93-49ad-83cb-cde633b8019d,3.6.2020,3,828.53,0.2
1a7792e1-4221-4420-a98f-99364c4e1f80,3.6.2020,7,147.76,0.05
49f68396-a576-4f09-a266-2db51a7fc3b6,3.6.2020,9,191.37,0.05
86ebe731-c0bb-4d76-a74a-a5570fa3d94c,3.6.2020,0,972.00,0.05
558db18f-4739-4c09-93bb-ed8961094f41,3.6.2020,3,202.87,
2e5b4b3d-9587-4e84-b139-ff64f227b734,3.6.2020,3,872.16,0.05
d3e7d071-4198-46ac-a915-cc4f95e2a8bd,3.6.2020,3,885.71,0.2
6fd1a516-51b2-42b5-8835-ac5303109db4,3.6.2020,7,302.05,0.1
7068ce8b-a1dc-49e8-9770-983f51ffc4be,3.6.2020,1,862.20,0.2
90000352-47f9-429c-85e9-5f7e6cffddb6,3.6.2020,5,486.05,0.2
0506ac31-5e3b-4871-83ef-217566dd25c5,3.6.2020,5,941.39,0.1
5208db39-7843-411e-9cea-d2fedc36e95a,3.6.2020,3,408.21,0.1
1141af53-9f8d-414d-8055-f69733314fe9,3.6.2020,1,381.57,0.05
89e8c97d-63a3-472b-a8a9-175c00aa010b,3.6.2020,4,650.21,0.1
d910b61f-d819-453d-9a80-ea984312a211,3.6.2020,9,690.34,0.2
2c09a708-b554-431a-a70e-651d2fdff590,3.6.2020,4,367.65,0.2
ffbad014-5c37-48a7-b805-3d8c0c571ae4,3.6.2020,5,213.47,0.1
10b80e96-6e39-4ba4-b504-862e68677c26,3.6.2020,2,269.60,0.05
8e9dcc2e-1823-4d36-9b67-b6aa2c21e341,3.6.2020,8,423.86,
b36a5808-c0c3-4c7f-be8a-77fc182749ba,3.6.2020,0,590.31,0.2
b182035f-9e05-417c-89cf-055d4db43fe8,3.6.2020,6,711.63,0.05
f6d240d6-77c2-40c2-ac3a-baec1a747927,3.6.2020,6,771.01,0.2
b0228248-a4e7-46ad-9236-ca0345138343,3.6.2020,4,811.52,
3de8b051-84b0-4c01-a947-d4d76b549b8d,3.6.2020,6,188.01,0.05
e231fd4e-f1e3-4415-b013-842ade975852,3.6.2020,3,613.52,0.2
dc785082-15e8-4634-8aed-fe64c9277a35,3.6.2020,3,689.80,0.05
17e3ef8f-7c10-4158-addc-bc1131581704,3.6.2020,3,353.45,0.1
bdef221b-648c-4dee-b4b4-f066a4bdc865,3.6.2020,3,629.26,0.1
2bc03379-e2c7-409c-839f-9fe927cdfeda,3.6.2020,0,740.48,0.1
f2b73cc7-9cf9-41e5-957f-09f0d03a34ff,3.6.2020,9,516.49,0.2
d33a69ba-3e92-47db-b24d-de2d97654720,3.6.2020,6,178.03,0.05
0d09588d-ec1f-4571-8e45-159b41d8c665,3.6.2020,1,418.96,0.2
8d9caed3-5a58-487b-a25b-7fd4f09d78c1,3.6.2020,5,274.77,0.2
db6e80d6-02b4-4775-8225-579fd40e17d0,3.6.2020,3,117.63,0.05
e86ead75-509b-4d89-81d2-2220544e82bf,3.6.2020,9,312.28,0.1
149b9f65-f4f6-45df-9ea7-3070a0fbf7c3,3.6.2020,9,314.41,0.1
0539f10c-501b-40e0-a1aa-f39607e5c4e7,3.6.2020,6,185.15,0.1
db3fbff0-a9f9-4f5c-b148-56d970a0f09b,3.6.2020,0,157.38,0.05
d811d620-50be-4a3c-8429-ea5807809ccf,3.6.2020,7,361.84,0.2
8296e532-4a46-4dbf-9288-0dfff9934822,3.6.2020,3,612.29,0.1
59bbe62f-d708-4640-abdf-4f3056d8b936,3.6.2020,1,517.09,0.1
b133cbc3-8973-4f5a-b945-c7fbc168ca94,3.6.2020,7,437.64,0.1
97aed42a-f9bc-4bb1-8b68-2bd4d0b6c730,3.6.2020,2,315.26,0.1
9c73debe-c7ed-43c5-8232-0d08a5beca99,3.6.2020,8,120.53,0.2
a302a576-e3a7-4655-86b9-067db523e4d1,3.6.2020,6,556.20,
b2d162d7-fb71-4a88-932c-633b07b479d5,3.6.2020,9,728.97,0.05
db7d1f02-ec5e-4c50-a75d-7a40a38caf07,3.6.2020,4,926.96,0.1
ed12ae93-b49e-4c90-92d3-3329dd6146a5,3.6.2020,6,257.64,0.1
b5342221-a161-4fc5-a3ac-6f0e9a97e738,3.6.2020,6,478.84,0.1
1ffff901-62e4-4369-a9ba-de60d3860faa,3.6.2020,6,893.43,0.05
addddad9-bec9-4097-8704-1363f70b73c0,3.6.2020,0,351.89,0.1
0db49a1b-870e-4435-92e9-50846f2ddfa5,3.6.2020,3,953.10,0.1
7938cc13-0e92-4655-9119-aa10093c6e67,3.6.2020,9,287.45,0.2
d89e07bf-801c-4ba4-b17d-daabc8590957,3.6.2020,5,714.48,0.1
9d038d1a-305c-4340-a126-d2093523be93,3.6.2020,3,249.39,0.05
84a8e67a-03a3-47f1-a272-adc0a082a3ef,3.6.2020,0,664.84,0.05
1dc305b3-d4d9-4dc6-b351-e621fc7ac849,3.6.2020,4,273.07,0.2
0f6ca8a7-5c90-41a8-8e84-2f120a47525c,3.6.2020,9,580.40,0.2
fd8f6cdd-c829-439d-8a45-53005faaf9bd,3.6.2020,5,242.82,
d5207664-f8f3-47ec-b573-62fb320e2b5f,3.6.2020,1,928.98,0.1
eb5f05a2-3f6a-44b9-9930-6bc0db9c0f6d,3.6.2020,5,910.41,0.05
e6e3bdb9-f4f1-47be-b886-69d61a1a753d,3.6.2020,7,767.69,0.2
9e8a411e-166a-4781-8529-c9f32348f320,3.6.2020,3,549.92,0.1
e62e3aaf-57ee-4946-9428-9e26c359dae8,3.6.2020,5,553.78,0.2
f91e6fd4-b1cb-49c4-bd5e-0b70f500c12d,3.6.2020,2,295.06,0.1
87ba183b-45e9-452f-a04b-f5c02a02c1c9,3.6.2020,0,408.35,0.1
d4c86cc2-2345-441b-a78e-f95e7a0f06f2,3.6.2020,1,972.03,0.05
3801f0ca-f279-441a-9f46-96110470f78d,3.6.2020,0,315.07,
752b787d-4258-47fc-b61e-9633f23c0fbb,3.6.2020,2,614.22,
13ac2728-7c4c-454e-b66f-95fffaf7a37e,3.6.2020,1,208.91,0.2
3ecfe49d-6367-42df-b88e-5fec6fdc4c5a,3.6.2020,5,535.80,0.05
fb2aafc1-16a0-4b93-82a1-f3f7b8599093,3.6.2020,7,763.15,0.1
579f35a9-0b58-45a2-a837-5d5b709f5d08,3.6.2020,1,892.80,0.1
7af5928b-924b-4d8f-b6d5-b00419f13128,3.6.2020,7,701.03,0.1
8419297d-c0ef-4d27-9d4c-ba135abca0ac,3.6.2020,5,824.81,0.1
dc09eef9-64f2-4665-af71-865c9597040c,3.6.2020,5,618.14,0.05
a770abd6-7187-4573-8a6f-188a6eef7214,3.6.2020,6,201.67,0.05
0f3ac9ba-6fd2-4f85-8f06-2d3c9affe6ee,3.6.2020,7,241.04,0.1
3bc2c2af-8926-4b54-b8eb-77781890d76e,3.6.2020,8,785.93,0.1
786fc47e-d509-41c2-b834-0cae9f2c140d,3.6.2020,3,360.79,0.2
ebda59ee-b897-423d-ab21-72768931b3bf,3.6.2020,3,254.46,0.05
e14de88c-028d-4613-9102-a6c6160dd049,3.6.2020,2,868.10,0.1
1218ed43-9b76-4d7b-b19d-ce231533d451,3.6.2020,3,435.40,0.05
b7d778c5-5338-45f9-b05b-7307296f515f,3.6.2020,0,495.98,0.05
18bc3a33-1ae9-4af8-8d12-996af4935674,3.6.2020,2,307.63,0.2
fa4142cd-ef1e-4bd9-b063-6c8532164d0b,3.6.2020,5,979.82,0.1
f2f95835-35fa-4fcf-8f2a-c22b4930c1b0,3.6.2020,5,303.11,0.05
6be07c82-0109-4d1b-9f09-29e63c2e9e95,3.6.2020,1,702.38,0.05
c2a9c5e0-c8bc-4479-9afd-8ca744610599,3.6.2020,7,530.85,0.2
62d04f41-9b87-4812-a97a-528c3593580e,3.6.2020,9,549.94,0.05
ebda4158-bf2f-4323-80f2-d56fecff15e9,3.6.2020,1,922.18,0.05
6786872c-b554-41c1-b764-2bd92e3da041,3.6.2020,4,553.16,0.1
2d9bd42a-6390-4e17-b325-7424da5c3304,3.6.2020,7,442.44,0.2
55629010-920b-4399-b759-0e28f4fa5b9a,3.6.2020,8,890.95,0.05
5b23b1b8-26b1-435f-ba7f-aab65795807f,3.6.2020,7,960.00,0.1
a37e997b-09ef-49a3-85c2-db053139d69f,3.6.2020,7,591.65,0.05
2aad0a0d-6f1c-4af7-a00b-ba8e36e19fc7,3.6.2020,9,616.57,0.1
5a0b3d93-4a7a-4b53-b4df-ac2c92f644e5,3.6.2020,6,170.53,0.05
be49ebe3-3c47-479c-be59-04571d9b1117,3.6.2020,0,517.60,0.05
1e8b0294-2f4e-40f7-b15d-5c6abb7c2fdd,3.6.2020,4,749.52,0.05
9397ecff-fbf0-427a-8b74-c64e2a3f8c9c,3.6.2020,0,561.38,0.2
6d5b3f19-6c0c-4498-b282-5421b9ecfeaa,3.6.2020,4,436.59,0.2
04d5592f-0cc1-4bcb-9c28-d3ab9b3030d4,3.6.2020,8,101.01,0.05
36f4b9ff-b0b4-4ce0-b12f-14d7b3d13693,3.6.2020,5,182.01,0.2
eaf5073d-dfbe-400f-bc6f-1852dbae4069,3.6.2020,9,863.61,0.05
03fb43f0-961c-4d87-a7f3-0fc9ef15cea0,3.6.2020,4,642.87,0.2
cc648fe1-37f3-4576-baa4-2e4044de9b95,3.6.2020,5,163.70,0.05
fa647abb-c7cb-455c-93d8-c91007fc5f44,3.6.2020,6,564.67,0.2
50f733a5-f360-47c2-ada2-3250a864b9c0,3.6.2020,3,469.99,0.1
9d62a575-621c-4710-aaf2-b2a9039c83e1,3.6.2020,9,266.00,0.1
76e513c5-0ffd-4e03-a4bb-788fffd5cc7c,3.6.2020,5,898.80,0.05
c59bba0c-9650-42df-b1e1-64ee1b3f9469,3.6.2020,5,385.67,0.2
423e66d4-1f41-4e91-8fe4-c7e7506aa6c6,3.6.2020,4,735.66,0.05
f190c6b5-6425-4491-a1c9-1311187a15e7,3.6.2020,5,677.89,
7e8e5307-aa58-4841-9c81-b2e5fd382c27,3.6.2020,4,991.16,
989b9eef-db1f-4054-9e4d-2ca2279bee2e,3.6.2020,9,591.40,0.05
634c0e45-0a53-4c54-bdd3-991fb609f230,3.6.2020,1,684.51,0.05
3b22ebe8-4a6a-456e-9f60-4ff2c647c646,3.6.2020,8,239.64,0.1
439eb800-c139-4c24-8cf5-8fc2e58ac97b,3.6.2020,8,161.34,0.05
72cdce84-d3e3-49ee-8d71-9e5bf74ff301,3.6.2020,6,707.35,0.2
1a58c920-a006-43b3-85b8-bf0a90ac8f96,3.6.2020,6,739.63,0.05
b847c468-b782-4cf0-bbc0-3b53c99e9540,3.6.2020,0,249.14,0.05
3da8a40b-4980-4ef2-9e92-327d5a0303c8,3.6.2020,0,668.53,0.05
ff73146e-c05d-42ff-a55f-dac8bfb64719,3.6.2020,5,872.58,
7d491b15-dc2b-449d-89b0-1f37da0547e0,3.6.2020,7,228.82,0.1
cacc5939-a61b-4e97-bb49-749de26e28eb,3.6.2020,6,338.56,0.05
c5554c34-74b1-4bdd-83d5-1a886164be57,3.6.2020,8,541.54,0.1
12418d56-f9a6-48e4-80ce-0e1df876307a,3.6.2020,8,919.91,0.1
bf9d6ce9-c028-4d68-895b-2140966c8279,3.6.2020,4,110.45,
46670b9b-b037-4878-ad3d-0415b46f5c96,3.6.2020,3,681.33,0.1
3237eb9e-3535-42f0-8cef-0c6055c8bf70,3.6.2020,6,924.29,0.05
45361226-1aec-4bfc-8e35-f91a184cc4d6,3.6.2020,1,961.29,0.2
68795e9c-b2c8-4b7b-be2b-17c4cfba5272,3.6.2020,4,845.86,0.1
35509ae2-4e84-4af2-b6aa-f5e7955aff1b,3.6.2020,6,908.63,0.05
8124a2c7-c830-499f-98f0-587046469661,3.6.2020,5,627.04,0.1
735c57f1-392f-4694-a3c6-af4da1595e74,3.6.2020,3,409.28,0.2
165dd389-45c8-4049-8abf-d32cf432a1b1,3.6.2020,5,999.72,0.2
7cf15f60-cfa5-4c18-a4da-1798ca2a6419,3.6.2020,2,591.90,0.1
415efe80-0ad5-4cd6-9ff2-e5321f584b0e,3.6.2020,9,580.86,0.05
f5a3f304-2cd6-4340-860a-d2ab0596f4dc,3.6.2020,2,144.43,0.05
de96d4ed-cf14-473c-bd34-5d75b7a3d045,3.6.2020,3,942.23,0.05
d54cdfd2-d928-4bb5-a19b-7a786a612cfc,3.6.2020,3,967.15,
93b3554a-6e7a-41bd-8bf3-ab28362e4d06,3.6.2020,4,579.81,
b111c70f-3a6e-41ea-88af-490864324827,3.6.2020,4,556.68,0.1
7c64f067-4be6-409d-80c1-10d4f07b1d6b,3.6.2020,6,880.54,0.05
14b52def-7857-4381-8625-4cc6e8e543ab,3.6.2020,9,422.95,0.2
41bf3a61-dcd7-49dd-8369-5329ea6ffd9e,3.6.2020,3,898.46,0.05
c965706d-16c5-4631-a60d-3d686baa1e1c,3.6.2020,5,977.46,0.05
6a1514ec-ab41-4bf6-808e-829be0bcb37c,3.6.2020,5,630.11,
bf5b13e1-00e1-4f52-b3cf-00a7c5e8ca4d,3.6.2020,3,638.72,0.05
8d38858b-368a-44c9-9493-5193ae32f6de,3.6.2020,0,787.99,0.2
d91812c8-2fc1-4617-b1de-d5b9a76cc405,3.6.2020,9,185.86,0.05
3a038f63-e612-4586-8dba-f392c5c09ea9,3.6.2020,7,497.93,0.05
2316babc-c29c-46f7-a2b4-11de72e08713,3.6.2020,5,652.75,0.2
2c571fac-6613-4bf3-b81b-e95499752dba,3.6.2020,6,129.31,0.1
582f1e57-faaf-4d50-a52e-cd5cccae9505,3.6.2020,1,493.60,0.1
6d914c26-b3ef-47cf-9103-88576bf815db,3.6.2020,8,710.92,0.1
36e52b5e-68e0-4250-8e50-61a013a23a26,3.6.2020,7,729.61,
5c779acc-4289-4f75-b068-9010105b7955,3.6.2020,7,957.65,0.2
35135ea8-1ac4-4256-9a98-64b9a35561ee,3.6.2020,0,487.86,0.1
3859a1df-7d45-4368-925f-9702b2f3fb90,3.6.2020,4,632.15,0.05
ebda211e-c263-48ad-9044-8442fef8f41b,3.6.2020,5,443.90,0.2
3b632ebb-e206-4f85-98fc-ce02d7fcf1ce,3.6.2020,7,519.52,0.05
755c64dd-2632-47ba-8859-d3640bdab6c9,3.6.2020,0,453.96,0.2
d5f7252e-ab4f-49b8-9f37-0da0f64d071a,3.6.2020,6,730.82,0.2
5947d948-3763-4e0d-971d-fd9b7cbe9b55,3.6.2020,4,779.04,0.1
eb7cf4b6-1bce-4297-ae87-df4575add129,3.6.2020,4,306.30,
13344f57-d844-4469-bfdc-e321592785ed,3.6.2020,9,496.26,0.2
dd9f2776-0d81-47de-9879-681a02e797c9,3.6.2020,0,384.94,0.2
5d4544a5-3a4a-4edc-8ef2-1e262251d6e4,3.6.2020,3,673.55,0.05
308c775d-b684-4b55-9df4-f94e9f2ddb0c,3.6.2020,8,504.60,0.05
2bed1b46-8fa2-4c8c-93ed-763ef71a62d9,3.6.2020,7,162.28,0.05
e2d0df8f-a852-418b-94eb-a64b78074e8b,3.6.2020,4,318.48,0.05
79b1e2f7-b785-42cd-87e3-0c598b283ee2,3.6.2020,6,969.07,0.1
8680af64-6f0e-43fa-80e3-f651a7685af4,3.6.2020,5,159.60,0.1
d1a0b990-e18e-4c59-bc43-6d0b9ad6a3fc,3.6.2020,0,420.12,0.1
78646aa9-a432-4255-98da-042fd0ba3cd6,3.6.2020,2,299.04,0.05
98849ed3-7564-454c-9a32-c32595cc3293,3.6.2020,7,415.44,0.2
901e820c-b960-46be-9359-5197194f2aa2,3.6.2020,5,690.15,0.1
16c52ef3-e02c-4ebf-8fc6-eb0ccca91b12,3.6.2020,7,872.22,
fad93ef6-4982-4739-873c-3e4241972e04,3.6.2020,1,799.19,0.1
9be59d5f-8b5f-437b-9f5a-17e37c6304c0,3.6.2020,8,504.69,0.05
44ddb73c-f93c-4f35-ae62-327a7085dc00,3.6.2020,6,550.31,0.2
cdd8a06d-6988-41b2-9097-0af76abbaabb,3.6.2020,6,656.15,0.2
cdd22ef8-675f-4ea0-9454-08cd02dd48b8,3.6.2020,1,119.64,0.05
fad06bb4-f6b5-4bf8-8984-c74a85b440ad,3.6.2020,8,615.39,0.2
292efe78-7ac0-4b0e-9898-9bf0e8e6a5a0,3.6.2020,1,703.26,0.2
dd95b08a-2592-4934-816d-a6f53019bfde,3.6.2020,2,886.95,
85391174-c065-494b-982a-513aa5c31af4,3.6.2020,9,822.35,0.2
23dc7a81-026b-471f-a861-d1f262caa44b,3.6.2020,0,788.43,0.1
1b619254-0830-46d5-8b9a-09dcbe5eb4c5,3.6.2020,1,604.94,0.1
1c2ba77d-1b75-47e7-90f1-4a6932e84ee2,3.6.2020,3,554.59,0.2
6231a389-fb30-438f-b73a-7d9baff06957,3.6.2020,1,149.17,0.05
04559548-ec5f-41e2-9657-e1fb34575190,3.6.2020,0,711.41,0.2
c8d63e65-7050-4946-8380-a31231164349,3.6.2020,8,644.57,0.1
ae7d34f2-3a98-4144-a559-cc73c04c3920,3.6.2020,8,161.99,0.05
be9ae790-3fbf-41ba-8440-15b6d59b3af2,3.6.2020,0,801.77,0.05
c9132c5f-5923-4017-a8f2-d2ddb9b16907,3.6.2020,9,365.70,0.2
8d5e6a7f-473e-4252-ae4a-a8456db1aed1,3.6.2020,3,479.68,0.2
71a2201a-6932-49e3-8d2e-e824956550e1,3.6.2020,0,595.30,
26822f04-c731-4634-9cb1-16c0c43f2c78,3.6.2020,1,868.95,0.2
0515b144-630c-494f-8649-cf473729426d,3.6.2020,4,877.68,
c2c9697d-fb2a-448c-aeac-1de4a0e7e0a0,3.6.2020,1,964.67,0.05
ed5848b2-7a12-4601-ace1-4bb1417d231f,3.6.2020,0,306.46,0.2
c1d55788-6dbb-4013-8a72-e0d129a74b4f,3.6.2020,3,683.43,0.2
d635bf99-8352-4fa0-bde5-0c1803557544,3.6.2020,3,186.06,0.1
da03d2f4-4a59-4ea2-b0ef-c32a6625064c,3.6.2020,3,969.39,0.2
58006a2f-2d7c-405f-8bab-168adfbd7b4f,3.6.2020,1,441.57,0.05
a816bbff-5f2d-46bd-96b2-af699bbb2721,3.6.2020,0,186.45,0.2
d23dd26f-d30b-4cac-9692-6b8732b58c15,3.6.2020,8,495.80,0.05
20d28a4b-f868-4cfa-abab-5b3cf6e6907c,3.6.2020,4,678.66,0.1
5794143f-d0a7-4a99-8b26-c305381551e8,3.6.2020,7,267.19,0.1
6a7b78c5-c270-4c5c-8b3a-b6e617eaff6f,3.6.2020,8,729.54,0.1
79c67f16-e867-4b4b-a535-a12003b4cd8e,3.6.2020,9,929.75,0.05
f97b4332-76b4-4479-9914-eab71d2b6d72,3.6.2020,5,298.24,0.1
1ec1c13f-fbde-4c92-953f-f04c9e5cfb32,3.6.2020,1,488.00,0.2
4fc0fd1c-d110-4552-87db-6d8fe4ea04ae,3.6.2020,8,987.28,0.05
1768cdc7-54c1-41da-abe0-2b1d9748f775,3.6.2020,9,659.78,0.05
0fd60012-5372-47d0-82dc-08cc56304805,3.6.2020,5,392.55,0.1
7a1e9f5e-e796-4e2e-808c-a6abd4545f50,3.6.2020,3,728.02,
75d3ef30-e9ce-4fa8-9924-2fb9bc4b62fe,3.6.2020,7,428.02,0.1
8551f761-95ad-467e-b56e-550f95518a88,3.6.2020,3,640.29,
dd1d9f48-683a-45f8-8593-bf07996b09b0,3.6.2020,5,928.52,0.1
80dc1e9b-6581-404b-b3c3-3c53996fab12,3.6.2020,9,766.23,0.1
c835a952-4187-4d58-b8d2-5c87729f7173,3.6.2020,9,125.50,0.05
9a5205ea-ffa0-4f3f-b6b1-1adb4561639b,3.6.2020,7,648.39,0.1
b95a1ecc-88c7-4231-b13a-a8349a7b8dd2,3.6.2020,6,307.15,0.2
fc780c99-4d4b-466b-acbf-652ed43a1420,3.6.2020,1,554.81,0.2
0c366adb-6c7d-4e79-8ad0-13769d36b9de,3.6.2020,6,382.70,0.2
ce07506f-0838-4e32-8b23-480135eff9e5,3.6.2020,2,539.04,0.05
25abb7b3-b9e8-4819-ba22-da2b5b49cc4e,3.6.2020,4,337.15,0.1
5b0ef682-bc23-433d-9eff-291e005b44b0,3.6.2020,9,168.81,0.05
3eb0e736-3ca8-4b4c-a282-6a02c7712cc5,3.6.2020,6,933.30,0.1
e06d832c-4363-4b0f-8757-cc51d3f262bb,3.6.2020,3,764.17,0.05
07adcd61-7a33-4859-bbe6-8af031ea26b3,3.6.2020,8,174.83,0.05
fea74398-159d-4e92-8d88-7ef7656baacc,3.6.2020,6,283.55,0.05
8dce2e6d-c5dc-47ca-a3bd-cdb2ef9757a4,3.6.2020,2,183.06,0.2
8863cdf4-ad2e-4d1c-a09e-4fe965b6120f,3.6.2020,7,274.83,0.05
c0c7eb8f-860c-4f7f-8abe-388be008a2e6,3.6.2020,7,659.40,0.2
9e5da97d-2886-42cb-97e4-910d8688cfc2,3.6.2020,6,532.96,
ab638222-aef1-4752-8704-2746fc5c27b4,3.6.2020,4,108.13,0.2
688943d4-597a-415a-aac4-fe629fdb9c8c,3.6.2020,7,667.48,
f3c25a02-eb7b-4700-9f92-c4a0750b7073,3.6.2020,5,888.48,0.1
85af23b1-9695-47f0-947d-1bb773ad10a6,3.6.2020,7,381.83,0.05
dfb26599-4bc0-4940-be71-40df4429eda5,3.6.2020,6,628.82,0.05
88936298-93cc-427e-b3c9-9f01d89a9f0c,3.6.2020,0,735.44,0.05
407b5a5c-e50b-4b2d-9c6c-d2e77eff0c41,3.6.2020,1,404.67,0.1
122948c4-4e9b-49e0-8a0e-e92507a68a31,3.6.2020,3,605.58,0.1
99b891d1-0124-4891-9674-dfc764fe423a,3.6.2020,9,434.56,
1e3ceaf8-fd35-4581-833b-f43cffeb7ebe,3.6.2020,0,981.24,
e112180a-0e4a-49b1-9b82-a6948cb11c2d,3.6.2020,3,178.56,0.2
f1d331a5-2eee-46c5-9062-cb95c9b8b9c7,3.6.2020,8,396.38,0.2
4f490126-01a6-4166-9c04-3c96ad4076f5,3.6.2020,2,749.37,0.05
13a23749-4367-4b27-a1cf-f37edf7e39c2,3.6.2020,2,593.67,
5dcfc3f7-0d79-4ede-93f0-c55752595ae2,3.6.2020,4,827.58,0.05
e3d2aa6a-bf15-4850-91f9-8396751d26cf,3.6.2020,0,571.27,0.1
c02c0f68-f8e8-4c10-8ea1-7492f36acfcb,3.6.2020,6,430.02,0.1
d0015599-7013-418f-901b-303d9ef51c09,3.6.2020,6,268.49,
168a5fd5-aad7-409a-aeda-f49ab0112570,3.6.2020,7,854.41,0.2
2503cb06-fcf5-455d-96d9-de0cb8726ad4,3.6.2020,5,986.06,0.05
f345616a-d8e8-484a-8125-1d3b8a12d1c6,3.6.2020,7,310.90,0.2
7730c26b-b815-46f4-914b-4c92f8e3b4dd,3.6.2020,6,168.48,0.2
f23a240e-96a9-4a52-9688-a45ba739f7cf,3.6.2020,5,787.45,0.05
7115063a-2f10-4353-b4fb-ff04e1c5eecb,3.6.2020,6,171.09,0.05
656a107c-56bf-4fb9-87bd-f8e26f9dce7f,3.6.2020,2,733.52,0.1
5c53dbc6-2de0-4ec1-834f-ee34959f2363,3.6.2020,9,795.44,
bfed4cdf-75c6-4d69-a186-93b2f9d9adf1,3.6.2020,3,729.06,0.1
573a3b5b-d17a-4fbe-80b5-ff359d23c21e,3.6.2020,5,580.66,0.2
27564a0d-9cf1-40d1-a200-6c12f81770bf,3.6.2020,8,983.21,
860f5d4a-3935-46ea-984c-cf83ed3f9490,3.6.2020,4,196.55,0.2
dd373c64-40b9-4d98-8a49-177e5a235970,3.6.2020,4,599.19,0.05
62f97074-720c-4914-9bd4-ff662f428f55,3.6.2020,8,538.47,0.2
d4f4fd6a-b172-4b9c-b736-0ab822259d0a,3.6.2020,3,347.42,0.1
ee1c965e-9edb-4b8a-ba79-96d42e51cf32,3.6.2020,0,783.37,0.1
f008aed9-441c-494a-a1be-cc1579424eb7,3.6.2020,0,325.28,0.1
923bb935-55b1-4eeb-8c6f-1ad19ce0fcda,3.6.2020,5,495.81,0.05
3eab1a20-140f-4c4b-ba0a-ecb101ab3b26,3.6.2020,5,841.97,
c94cac2b-0a04-40c7-926b-6cdb5f17689a,3.6.2020,5,198.39,
fb31915f-bb31-4e94-804f-56ac398e4725,3.6.2020,5,855.53,
a132f19e-f56d-45e1-a575-b61be7b1d133,3.6.2020,1,870.34,0.2
0594395e-bcdd-440d-bf77-52dacf6336b2,3.6.2020,2,474.45,0.05
85a068ce-c429-4b53-b0a2-9fe4cda18a42,3.6.2020,1,511.27,0.05
31595d92-907f-4e69-a6ef-2c0ca824e18b,3.6.2020,8,773.25,0.1
f41a11fa-a180-4e94-b73e-7af96894e41d,3.6.2020,0,428.20,0.1
4914b15e-51cc-4b8a-9ada-4d206bf1480d,3.6.2020,0,591.45,
e42a2a0d-f13d-4303-94f5-72bc68f6f489,3.6.2020,3,731.41,
6c3b5460-0c8a-4536-8d14-effa0e9704eb,3.6.2020,5,640.23,
b0257c47-223a-4c8d-b7c3-6d4f9d8db18a,3.6.2020,0,283.60,0.2
c79ef10c-627a-4958-b8ee-2deeecbe4dcf,3.6.2020,6,657.29,0.05
0d0828bf-f299-4408-9f26-65444c562233,3.6.2020,4,165.72,0.05
32e1bb90-2e91-4fc8-b4b7-bc042d3dc815,3.6.2020,9,416.46,0.2
65f83fa6-3196-427d-98ff-0078fdc218a6,3.6.2020,1,347.72,
4bf576c3-66f9-4ec8-ab13-8d2d2247717f,3.6.2020,3,262.92,0.2
b801159a-3c30-4654-bc3e-6548bc275b83,3.6.2020,2,119.08,0.2
a32e7abf-1221-4f40-bef6-635747cd65f1,3.6.2020,4,101.94,0.05
58b129ba-df4a-4a77-b923-e2bfa62cbeeb,3.6.2020,3,966.63,0.1
4d2dc4b3-1a00-42af-b9c4-e6d8a051d3d0,3.6.2020,2,738.01,0.05
80261f8b-c8f0-474f-8dab-cef095c85e50,3.6.2020,9,401.22,0.2
8ae36a27-abbf-4b2b-9540-2cb0ed2c8d22,3.6.2020,1,661.19,0.1
956ba63a-23fa-4356-9d09-257ecee62695,3.6.2020,4,421.59,
7673ed3c-a532-453c-8b33-04fc77eea1f1,3.6.2020,8,701.90,0.2
0c857e06-2625-451a-8996-a514c843a027,3.6.2020,2,891.21,0.1
1d3ef3d9-c78f-4557-baf8-835bb06b59ee,3.6.2020,9,733.03,0.2
b41bbf37-71f3-4716-92bf-cb4021684ef9,3.6.2020,4,996.63,0.2
a1082a67-c8cc-4515-b3ec-c860a6342b1d,3.6.2020,3,293.38,0.2
ce958af7-c142-4e53-b46d-cce89cacf4f7,3.6.2020,6,241.69,0.1
6e382ec6-31a6-4fb4-9684-fbdb12ba588e,3.6.2020,5,339.44,0.05
603dd95e-662c-48d1-895f-54ab3b58c6f3,3.6.2020,2,722.99,
f1882217-cb58-45f2-a125-5329b7f65244,3.6.2020,9,812.38,0.2
d3987f99-d36e-416f-96c1-8d9327ed26a4,3.6.2020,2,206.84,0.1
cb1b830f-3ace-437b-80d1-0677a332c4e6,3.6.2020,2,286.51,0.2
2ded4cb2-49c6-48c9-9ff5-97c644352fbe,3.6.2020,7,733.92,0.05
13606c40-6c69-43bc-95f7-108605e1905e,3.6.2020,5,738.33,0.05
ea271a8e-5dcc-462f-8d73-ab34b44b50af,3.6.2020,1,730.84,0.2
954c63b2-fc21-44c3-947b-108486446d47,3.6.2020,2,831.10,0.05
12f6c6a4-a6fe-4d75-8ea4-7752817d37ca,3.6.2020,8,547.89,0.05
5ae89e86-8745-4419-9e15-dab9920c9c1e,3.6.2020,1,599.00,0.05
9926bbf7-73b4-4119-866a-1b82a4ddf453,3.6.2020,9,673.34,
ae1452b9-7bf1-48a3-803d-2ff7e84c2997,3.6.2020,0,849.63,0.2
80079166-3abd-4af2-9ae7-a07a3f2624a4,3.6.2020,6,650.62,
e1ab1f9f-c897-47fe-8a93-c145ff33d911,3.6.2020,3,970.78,0.1
ed0f4c31-72e6-4a09-9591-98ae56c05a49,3.6.2020,5,643.71,0.1
11ba94ad-9b6a-478d-8fad-fcc46263c966,3.6.2020,7,315.71,0.1
955cc842-cd5a-44d3-a2b6-6bb0c35ee68f,3.6.2020,8,607.36,0.2
ca45823e-64bf-46ac-a689-237401e3cb7e,3.6.2020,1,657.67,0.1
dc6557d8-df15-4713-be31-17e4888ae71b,3.6.2020,7,825.60,0.05
9545462a-658a-4d6f-848e-350a60cc52d3,3.6.2020,0,877.49,0.2
4ba34d4d-31ab-4a73-8d53-84f2537b99ef,3.6.2020,0,752.70,0.2
4e1d9f73-4efe-4209-b54f-8474ae14dd31,3.6.2020,1,825.96,0.1
49d275cc-92a7-42a1-95de-50d02cba1df9,3.6.2020,6,871.64,0.2
618b3ec6-f2b0-4b37-90e3-f6ec192a9ea7,3.6.2020,3,832.56,
5ffb2db4-31e4-480d-936e-3d97fed1921e,3.6.2020,5,492.66,0.2
ca8a7c5f-055d-4e35-9e61-10b56e0e7b20,3.6.2020,1,108.97,0.1
ac2a3986-5294-4485-9e4b-d4b65b8c0e32,3.6.2020,5,324.81,0.1
74db7566-8775-4eef-b82d-e5c60523517b,3.6.2020,1,837.30,0.2
8cc6d8d0-31d2-4174-b2fb-00219c73e5b0,3.6.2020,3,532.49,0.05
d6ed8b7b-c5b1-4686-b80f-6d49f6115f84,3.6.2020,4,809.14,0.05
e8174b8e-6c0d-41d6-a20b-9cc71edd751c,3.6.2020,3,367.23,0.2
4e049f9a-b936-4b7c-b126-436ac56d7762,3.6.2020,6,359.94,0.05
7ae01dc1-015e-48a3-8fa5-405a8e5fa157,3.6.2020,0,518.63,0.05
8eef9820-e121-49fd-a811-9de72ea26201,3.6.2020,9,322.38,0.05
cfc53df8-4348-4477-a9da-ae0556191f8f,3.6.2020,4,652.01,0.1
7bac3a34-d6f4-47ef-a15d-abf62f8e6c52,3.6.2020,1,514.05,0.1
3e1e0d12-f610-413b-ac4f-af9ccdcb9f24,3.6.2020,8,563.48,
f3badf62-fc2b-486b-92de-a512ece62f73,3.6.2020,3,735.67,0.05
6f6767eb-3805-4fb5-ac8d-c283baf15f55,3.6.2020,1,109.21,0.1
5ac30315-c7c4-40d9-80ac-2b15182be18c,3.6.2020,4,156.85,
dccde696-5820-487f-8eb7-e6e10cd7700f,3.6.2020,5,112.92,0.2
b0754267-069e-4758-bcac-0f9a49fa2709,3.6.2020,9,917.58,0.05
0355457e-709d-4da3-b8be-44513d584b0d,3.6.2020,3,441.21,0.2
777ed554-bb37-41a1-9e62-10a18cb4f71e,3.6.2020,9,856.63,0.1
a6d573c8-1f89-486e-81ec-2a59a1500615,3.6.2020,7,576.85,0.05
8c46b859-ff85-4935-a84a-737ad35134ed,3.6.2020,6,914.49,0.1
37d5f684-661c-4fa2-a752-d0ee0e36cab7,3.6.2020,0,889.53,0.1
7d08e914-7fb0-421a-a52a-13b4947c3b56,3.6.2020,3,521.58,0.05
f93f3577-2268-411a-b223-6859b765c03c,3.6.2020,1,411.56,0.1
a4218b9e-64f7-44d2-b10e-4e218066bca1,3.6.2020,4,198.67,0.05
1e1753a3-b615-4de8-90da-3b96f6c044d2,3.6.2020,3,124.13,0.2
a18f5565-0729-4e31-903e-4f063e61627b,3.6.2020,1,968.39,0.2
2c9c55ba-5f4e-4357-89ef-560cbde48095,3.6.2020,7,282.26,0.05
423422f7-61a2-4a4a-b50d-35dc4a687c11,3.6.2020,6,332.20,0.2
4c600698-b146-44e8-9e0d-22811e8b6c89,3.6.2020,2,632.59,0.2
ce8ce63d-33c9-447a-adc7-256e0c753c7b,3.6.2020,8,225.17,0.05
ebc59705-2372-441d-8d42-c1050f89de31,3.6.2020,0,728.23,0.1
7c805400-92f1-41cd-8fc8-dbfd15551a79,3.6.2020,3,597.02,0.1
6c3f54af-4e32-4ada-a12f-ce126984f436,3.6.2020,2,707.53,0.1
abdaa64b-2740-48b7-93eb-0aee97aa21b8,3.6.2020,1,428.20,0.2
eda4ba94-35b7-41c3-ab88-f24d59b67092,3.6.2020,1,780.37,0.2
8ce64f6f-bca6-4774-9f1d-d78eeb8cf270,3.6.2020,2,215.16,0.1
deef8a71-35c5-497e-92de-dddfbade39b0,3.6.2020,8,137.04,
675230ef-c68f-4e3d-9eb6-753d5e55fca8,3.6.2020,2,611.35,0.2
c8efef88-032a-4fe6-bf6d-909a45630e71,3.6.2020,7,942.19,0.1
d92a81ff-0bfb-4fa3-843d-82fd9c729c3a,3.6.2020,7,203.35,0.05
eaefcf65-4418-4f78-a4b2-a26b9210a638,3.6.2020,6,734.56,0.05
08471026-07f0-4280-ba13-2b04e68e90a8,3.6.2020,1,100.06,0.05
a4110c60-78b5-42e0-81b3-b86d44e17903,3.6.2020,6,744.95,0.05
fabfb740-4f6c-409c-841a-474dec2a34b5,3.6.2020,2,362.70,0.1
ce7ecfde-33cc-484a-9eda-099fe23ccfff,3.6.2020,6,295.51,0.1
dd85beb9-de64-4efc-bf85-11f0665b7062,3.6.2020,7,546.88,0.1
419fe4ab-48c0-4636-9261-5bbc720a8c06,3.6.2020,7,238.53,0.1
3f172f7e-7390-4337-817c-3b2fba1e1416,3.6.2020,7,534.50,0.1
64702461-40c7-484b-8fd2-dce1a548fb07,3.6.2020,3,811.58,0.2
34ebe8ee-1abe-4631-ab65-f89fde538ad0,3.6.2020,1,591.08,0.05
0c14d869-fa7c-4e45-9fb6-629da0fd6b53,3.6.2020,4,593.98,0.05
fd988baa-b624-40ba-87ae-5f36cfdca63d,3.6.2020,0,316.57,0.1
35a23772-4622-40ca-9f3e-6302867bf324,3.6.2020,0,417.14,
a32aaa63-cc87-4a79-b85a-8a4ca4e1770a,3.6.2020,2,990.58,0.1
2e1b1b4b-0f42-42a8-982d-1341c22bf405,3.6.2020,5,789.66,0.1
b0609abf-020b-4507-bc6f-396a1257cb8b,3.6.2020,3,669.46,0.2
1b730630-7794-4eb0-9000-4e004a76d7e7,3.6.2020,3,714.08,0.1
2e356218-0a98-4c46-9501-1b1912c0bb52,3.6.2020,0,707.08,0.05
236d3165-bcb0-43be-bbb6-34602558642f,3.6.2020,0,693.61,0.05
d4090fc2-c134-40c1-a769-f1412c1c6cab,3.6.2020,8,845.51,0.05
72985277-9681-4fa9-9a43-847dc8a052f5,3.6.2020,7,164.24,0.1
327a2a71-768d-4b48-9d13-9c244db4ccfc,3.6.2020,8,194.97,0.1
d6d97a0c-9099-4bfa-961f-740feb38f794,3.6.2020,5,536.99,0.2
63c18bff-3b0a-4a49-9eb5-ef14479239cb,3.6.2020,8,372.17,0.05
30190c8a-727f-4b4c-af4e-8af946c4651b,3.6.2020,0,248.92,
fac5936c-eb35-43dd-9376-4883ead99520,3.6.2020,3,979.94,
838f694d-46b6-4e59-b46f-4059d524edee,3.6.2020,8,910.49,0.1
1efb5a23-c6c6-41e2-a5b7-7a05a097587b,3.6.2020,9,241.66,0.05
0d80867f-bcb6-43a4-94ac-d0fe0d9d441f,3.6.2020,6,698.55,0.1
c5b3b65d-5460-4393-a925-b0e839304e7c,3.6.2020,2,587.17,0.2
691c99a1-cdb1-47c5-8264-e03489baf7b6,3.6.2020,4,496.63,0.05
8a8d6132-78d1-4c9e-a5e4-a59e0c17d19d,3.6.2020,6,798.70,
79950bba-0820-41ef-aec9-55a03dedfd28,3.6.2020,5,656.79,0.05
ac523afb-ea9c-4a0c-868e-017f87da7d37,3.6.2020,7,897.33,0.05
ba1e0990-833b-425e-ab2f-4d2c5f203a53,3.6.2020,6,391.00,0.05
41ed666d-2d2e-4244-9948-bcc8f5f23e63,3.6.2020,7,643.53,0.05
87778084-a1da-4d57-96d6-fd1844e2544c,3.6.2020,9,583.67,
9af3ca0d-044f-417e-ac93-6c24c8f9409b,3.6.2020,3,366.80,0.05
10b81fa9-9fb9-40d5-b20e-2746c717cda5,3.6.2020,2,595.65,0.2
0af9593b-3705-4fbd-a569-284e96b7739d,3.6.2020,1,973.02,0.1
f9d1617f-9cff-4671-bfa6-fa36efcc49ec,3.6.2020,1,437.55,
0845902c-d9db-4c90-91de-0e9dd3f4e632,3.6.2020,6,638.29,0.2
f3e0fd45-fa69-4a75-b0b1-b648501dd3ba,3.6.2020,2,504.01,0.1
1ff9a81e-2150-4615-b2c5-ddb669988289,3.6.2020,6,839.82,
3f3d8dcd-96f4-44b0-86da-f24047803572,3.6.2020,1,439.91,0.1
42dafe9a-e907-4c9e-8be9-a3ec1d379089,3.6.2020,8,344.04,0.1
d32a8f25-3ef8-4098-9592-0312460b4888,3.6.2020,4,938.18,0.05
41acae23-80b0-4160-872f-aede9c40f460,3.6.2020,2,689.44,0.2
95fd25a5-d441-4308-9370-4109517651ef,3.6.2020,8,665.23,0.05
fafc4e9f-295a-440b-9bb4-ff30bf0b9bf5,3.6.2020,8,147.02,0.1
1703157c-ed1f-41f9-821a-9dfff824869c,3.6.2020,3,577.35,0.05
8dcda7c0-0f8d-446c-ad66-5d663c3089bd,3.6.2020,8,889.15,0.1
dc6b8117-6457-43d4-9c34-a38cb460e944,3.6.2020,1,262.57,0.1
69b76352-f98a-4716-9c66-38654f541426,3.6.2020,0,541.66,0.1
6a67f120-57c3-4c6e-bdd2-878fcd6535c5,3.6.2020,5,228.92,0.2
98154e6a-4b05-4be6-b1f8-a753b9d1033e,3.6.2020,1,979.49,0.1
315dae11-7dca-4d2b-8aab-ec2c7425de24,3.6.2020,6,265.00,0.2
e84a1c4d-684d-44da-923e-73acdcda884c,3.6.2020,8,326.07,0.05
9a244e0b-ee15-4d7a-b465-b00f45879841,3.6.2020,2,165.29,0.1
cc287db0-1be2-4b90-bae4-0560528c338d,3.6.2020,3,906.76,0.2
55aca9e0-6e2f-4673-93f4-767a10528374,3.6.2020,4,950.13,0.1
35e2f8ac-2127-40bd-9a59-db21738ec9ca,3.6.2020,2,969.51,0.1
40d055c8-569b-4c39-bc49-09171bdc1ed8,3.6.2020,2,197.11,0.05
08b68b86-cc90-479b-b3aa-03158114b638,3.6.2020,2,167.84,0.05
10a22e59-2d4e-42cd-9306-e655bb4aa1af,3.6.2020,4,542.63,0.1
b566c390-a718-4fff-bf54-e4cd16ff74e6,3.6.2020,2,660.50,0.05
4b4bb08c-e841-4823-b65c-07b9be8421cf,3.6.2020,4,409.19,
06bcbb0e-bf91-469d-8779-ebb9ff889ea1,3.6.2020,1,464.79,0.2
77dcaafb-3f42-4b7d-9a66-95775d6544ff,3.6.2020,3,814.77,0.05
87886de8-e385-4963-9d62-da1ee0c57c0f,3.6.2020,7,666.22,
0aa90131-5c2f-41f1-9fd2-89f7bac5e258,3.6.2020,3,458.08,0.2
29ea9cac-ff0d-4a6f-971f-9292c6105897,3.6.2020,7,194.04,0.1
e104b204-6488-4866-b2ed-71120f836098,3.6.2020,6,138.82,0.1
ee9a2712-b6c3-4243-832c-7ed9bc4dd693,3.6.2020,2,357.57,0.2
33e72cf4-1208-4366-9d24-a3f16117b811,3.6.2020,3,748.32,0.2
1c0d93b4-070e-437e-88ab-b67edc83ef52,3.6.2020,7,765.47,0.2
ca2cd138-d656-4b6e-8223-3aab5c74e8ec,3.6.2020,4,282.99,0.2
758efd6b-fa31-4bc0-8910-d4af9621727c,3.6.2020,2,272.33,0.1
d18a78a4-0dca-471b-983c-294a744e4771,3.6.2020,7,153.73,0.05
9cce17e6-8018-4028-a8fb-57bf0613f7f1,3.6.2020,0,322.19,0.2
96acdbab-b3f4-4e70-8232-ea61a8dd6563,3.6.2020,2,441.53,0.05
0a1f67e5-9f89-4f4f-a338-1dc4816d6423,3.6.2020,8,312.88,0.2
61a7a5a6-6dc1-46f2-8589-7ef0d7e1cc20,3.6.2020,1,621.97,0.1
b97368a6-1fbc-4016-bcf8-765db46f9004,3.6.2020,1,687.71,0.2
e353d451-318f-47d1-bc03-98b821ea9f26,3.6.2020,4,444.66,0.1
63a52ae5-c88c-4e99-b589-494c58175045,3.6.2020,0,596.71,0.1
02f51300-1c3c-491c-9a90-54ce83ff5cd4,3.6.2020,9,299.14,0.1
5c626317-7608-442d-a4b5-48c2415c950e,3.6.2020,3,588.95,0.2
3bdfcc93-ab34-4331-94a7-ef8f236aa9dd,3.6.2020,6,174.64,0.05
fc01f716-04bb-46dc-8981-b84f2ce07c8d,3.6.2020,0,129.46,0.2
40b370d9-07ca-451b-91f4-51b5c57e37ff,3.6.2020,2,100.55,0.1
97dfcfc8-ecad-429e-9fd4-1f9c04d5bb81,3.6.2020,9,502.59,0.05
e5cb763f-b78f-4fbf-86d4-c3fd052c785c,3.6.2020,3,950.97,0.2
c776cb4d-70ea-4ae9-853f-a641d69f6d2a,3.6.2020,6,391.14,0.1
9a5c82cc-b237-4c39-b377-d769ac75f9b8,3.6.2020,4,250.71,0.05
fb6dbcb8-163e-4ba8-83b2-0e9ccc3e06f2,3.6.2020,0,694.21,0.2
28f57454-7377-4587-942c-f7ea482cad05,3.6.2020,1,366.68,0.2
8d4533e8-4992-43b5-842a-7951521da279,3.6.2020,2,434.84,0.05
8886637e-ede5-4cac-8006-3b0a31f167d9,3.6.2020,1,591.95,0.1
18702d92-0794-421b-9f84-77e6461c9013,3.6.2020,9,815.05,0.1
c3fd9c40-1c1e-4813-b11e-b24c5c3693f0,3.6.2020,9,188.15,0.1
a348d096-eeca-4dfb-8c34-637be8f95a6d,3.6.2020,2,344.49,0.05
67a78fa6-f399-4b35-a62c-4c0098558fd2,3.6.2020,1,160.27,0.1
8e12197f-631a-444f-8e3a-059186bbcf9e,3.6.2020,5,521.68,0.2
f372d374-5ab2-498b-ae34-310b5fe6a7a5,3.6.2020,8,581.21,0.05
b661b954-70a0-40a6-b0c9-85c064aea1f8,3.6.2020,3,377.11,0.2
ac0dac3f-559e-4810-a489-e11a5e2bc6a3,3.6.2020,7,572.23,0.05
582ca296-2157-4cfa-906b-b498c82e09a8,3.6.2020,1,856.24,
c44ea416-9499-49e2-ad6f-ba795edf943f,3.6.2020,4,764.55,0.05
eab74400-e3b2-4eae-9855-774f71bbf84e,3.6.2020,9,207.85,0.2
b4c104ca-b4b0-4625-aadd-a3d5b2f7dad8,3.6.2020,1,328.95,0.2
8136b9f7-218c-4890-9e78-894748080c5a,3.6.2020,7,547.41,0.2
075529d4-7419-45f3-8959-2fd4e23757e0,3.6.2020,8,131.74,
d217de87-72db-424e-9d8b-c904b5a032bf,3.6.2020,1,427.14,
0e8fa43a-a814-420a-b3da-dd75da12fc44,3.6.2020,5,299.27,
7a472103-f634-473b-8070-c2deedf1de70,3.6.2020,4,740.88,0.05
accb36ad-b24d-46c8-bb35-b0c06b3724a2,3.6.2020,5,456.75,0.1
06336228-c525-4f5e-a074-ac78610fd0e9,3.6.2020,3,822.59,0.2
66e36b19-bbd7-4fb2-9291-511501951826,3.6.2020,5,968.34,0.1
d7a64f9a-19e7-487b-a069-2b0509f21fc3,3.6.2020,5,734.54,0.05
95960055-b2ca-4a22-a3e7-bc712e04c702,3.6.2020,9,856.25,0.2
683d0602-4258-43ce-8df8-29058dd2e335,3.6.2020,1,584.52,0.2
29e9927e-a1e6-448d-bac1-8b0cc4bd3179,3.6.2020,0,737.65,
c600fe2e-a47e-4b77-947b-d86c9094d612,3.6.2020,4,526.55,0.05
e178e639-f061-41d8-9f47-45190082948e,3.6.2020,4,823.46,0.1
928eeab2-b948-4387-a5ac-5f18fa069bbe,3.6.2020,9,304.73,0.05
895672fb-5579-4c2a-a6f7-5a333d6f35a1,3.6.2020,5,250.42,0.2
d1f98a76-16e4-48ca-94a5-ba27a7dce406,3.6.2020,3,593.07,0.1
ce65744b-02d1-46d4-aee4-e2c50efa81b1,3.6.2020,9,715.25,0.2
438a157b-8d99-452f-a23a-26d51368ed0f,3.6.2020,9,551.07,0.2
